-2.162694,-4.08514,-9.132851,-0.03554805,0.9924498,0.007435738
-2.162694,-4.08514,-9.132851,-0.03554805,0.9924498,0.007435738
-2.162694,-4.08514,-9.132851,-0.03554805,0.9924498,0.007435738
-2.163486,-4.088358,-9.147003,-0.03508179,0.9924248,0.006936081
-2.163486,-4.088358,-9.147003,-0.03508179,0.9924248,0.006936081
-2.163486,-4.088358,-9.147003,-0.03508179,0.9924248,0.006936081
-2.163486,-4.088358,-9.147003,-0.03508179,0.9924248,0.006936081
-2.163486,-4.088358,-9.147003,-0.03508179,0.9924248,0.006936081
-2.163486,-4.088358,-9.147003,-0.03508179,0.9924248,0.006936081
-2.164774,-4.085286,-9.169998,-0.03530079,0.9924947,0.006801331
-2.164774,-4.085286,-9.169998,-0.03530079,0.9924947,0.006801331
-2.164774,-4.085286,-9.169998,-0.03530079,0.9924947,0.006801331
-2.164774,-4.085286,-9.169998,-0.03530079,0.9924947,0.006801331
-2.164774,-4.085286,-9.169998,-0.03530079,0.9924947,0.006801331
-2.165764,-4.072696,-9.187689,-0.03479849,0.9924687,0.006502391
-2.165764,-4.072696,-9.187689,-0.03479849,0.9924687,0.006502391
-2.165764,-4.072696,-9.187689,-0.03479849,0.9924687,0.006502391
-2.165764,-4.072696,-9.187689,-0.03479849,0.9924687,0.006502391
-2.165764,-4.072696,-9.187689,-0.03479849,0.9924687,0.006502391
-2.165764,-4.072696,-9.187689,-0.03479849,0.9924687,0.006502391
-2.166754,-4.060093,-9.20537,-0.03465699,0.9924905,0.006285581
-2.166754,-4.060093,-9.20537,-0.03465699,0.9924905,0.006285581
-2.166754,-4.060093,-9.20537,-0.03465699,0.9924905,0.006285581
-2.166754,-4.060093,-9.20537,-0.03465699,0.9924905,0.006285581
-2.166754,-4.060093,-9.20537,-0.03465699,0.9924905,0.006285581
-2.166754,-4.060093,-9.20537,-0.03465699,0.9924905,0.006285581
-2.167249,-4.053786,-9.214207,-0.03605053,0.9925382,0.007193939
-2.167249,-4.053786,-9.214207,-0.03605053,0.9925382,0.007193939
-2.167249,-4.053786,-9.214207,-0.03605053,0.9925382,0.007193939
-2.167249,-4.053786,-9.214207,-0.03605053,0.9925382,0.007193939
-2.168238,-4.041161,-9.231871,-0.03568957,0.9924642,0.008130549
-2.168238,-4.041161,-9.231871,-0.03568957,0.9924642,0.008130549
-2.168238,-4.041161,-9.231871,-0.03568957,0.9924642,0.008130549
-2.168238,-4.041161,-9.231871,-0.03568957,0.9924642,0.008130549
-2.168732,-4.034842,-9.2407,-0.03487865,0.9925343,0.007169881
-2.168732,-4.034842,-9.2407,-0.03487865,0.9925343,0.007169881
-2.168732,-4.034842,-9.2407,-0.03487865,0.9925343,0.007169881
-2.168732,-4.034842,-9.2407,-0.03487865,0.9925343,0.007169881
-2.168732,-4.034842,-9.2407,-0.03487865,0.9925343,0.007169881
-2.168732,-4.034842,-9.2407,-0.03487865,0.9925343,0.007169881
-2.168732,-4.034842,-9.2407,-0.03601604,0.9925101,0.008413669
-2.168732,-4.034842,-9.2407,-0.03601604,0.9925101,0.008413669
-2.168732,-4.034842,-9.2407,-0.03601604,0.9925101,0.008413669
-2.168732,-4.034842,-9.2407,-0.03601604,0.9925101,0.008413669
-2.168732,-4.034842,-9.2407,-0.03601604,0.9925101,0.008413669
-2.168732,-4.034842,-9.2407,-0.03608639,0.9924851,0.009031649
-2.168732,-4.034842,-9.2407,-0.03608639,0.9924851,0.009031649
-2.168732,-4.034842,-9.2407,-0.03608639,0.9924851,0.009031649
-2.168732,-4.034842,-9.2407,-0.03608639,0.9924851,0.009031649
-2.168732,-4.034842,-9.2407,-0.03608639,0.9924851,0.009031649
-2.168732,-4.034842,-9.2407,-0.03608639,0.9924851,0.009031649
-2.168732,-4.034842,-9.2407,-0.0358665,0.9923866,0.01018477
-2.168732,-4.034842,-9.2407,-0.0358665,0.9923866,0.01018477
-2.168732,-4.034842,-9.2407,-0.0358665,0.9923866,0.01018477
-2.168732,-4.034842,-9.2407,-0.0358665,0.9923866,0.01018477
-2.168732,-4.034842,-9.2407,-0.0358665,0.9923866,0.01018477
-2.168732,-4.034842,-9.2407,-0.0358665,0.9923866,0.01018477
-2.168732,-4.034842,-9.2407,-0.03564787,0.9922857,0.01133751
-2.168732,-4.034842,-9.2407,-0.03564787,0.9922857,0.01133751
-2.168732,-4.034842,-9.2407,-0.03564787,0.9922857,0.01133751
-2.168732,-4.034842,-9.2407,-0.03564787,0.9922857,0.01133751
-2.168732,-4.034842,-9.2407,-0.03564787,0.9922857,0.01133751
-2.168238,-4.041161,-9.231871,-0.0347605,0.9922348,0.01174765
-2.168238,-4.041161,-9.231871,-0.0347605,0.9922348,0.01174765
-2.168238,-4.041161,-9.231871,-0.0347605,0.9922348,0.01174765
-2.168238,-4.041161,-9.231871,-0.0347605,0.9922348,0.01174765
-2.168238,-4.041161,-9.231871,-0.0347605,0.9922348,0.01174765
-2.168238,-4.041161,-9.231871,-0.0347605,0.9922348,0.01174765
-2.168238,-4.041161,-9.231871,-0.0355373,0.9921571,0.01290707
-2.168238,-4.041161,-9.231871,-0.0355373,0.9921571,0.01290707
-2.168238,-4.041161,-9.231871,-0.0355373,0.9921571,0.01290707
-2.168238,-4.041161,-9.231871,-0.0355373,0.9921571,0.01290707
-2.168238,-4.041161,-9.231871,-0.0355373,0.9921571,0.01290707
-2.168238,-4.041161,-9.231871,-0.0355373,0.9921571,0.01290707
-2.183665,-4.047475,-9.222145,-0.03400437,0.9920018,0.01377593
-2.183665,-4.047475,-9.222145,-0.03400437,0.9920018,0.01377593
-2.183665,-4.047475,-9.222145,-0.03400437,0.9920018,0.01377593
-2.183665,-4.047475,-9.222145,-0.03400437,0.9920018,0.01377593
-2.183665,-4.047475,-9.222145,-0.03400437,0.9920018,0.01377593
-2.183665,-4.047475,-9.222145,-0.03400437,0.9920018,0.01377593
-2.182171,-4.066396,-9.195637,-0.0339722,0.9918715,0.01494387
-2.182171,-4.066396,-9.195637,-0.0339722,0.9918715,0.01494387
-2.182171,-4.066396,-9.195637,-0.0339722,0.9918715,0.01494387
-2.182171,-4.066396,-9.195637,-0.0339722,0.9918715,0.01494387
-2.182171,-4.066396,-9.195637,-0.0339722,0.9918715,0.01494387
-2.180675,-4.085286,-9.169106,-0.03422587,0.9918199,0.01557765
-2.180675,-4.085286,-9.169106,-0.03422587,0.9918199,0.01557765
-2.180675,-4.085286,-9.169106,-0.03422587,0.9918199,0.01557765
-2.180675,-4.085286,-9.169106,-0.03422587,0.9918199,0.01557765
-2.180675,-4.085286,-9.169106,-0.03422587,0.9918199,0.01557765
-2.180675,-4.085286,-9.169106,-0.03422587,0.9918199,0.01557765
-2.179676,-4.09786,-9.151405,-0.03318584,0.9915987,0.01957267
-2.179676,-4.09786,-9.151405,-0.03318584,0.9915987,0.01957267
-2.179676,-4.09786,-9.151405,-0.03318584,0.9915987,0.01957267
-2.179676,-4.09786,-9.151405,-0.03318584,0.9915987,0.01957267
-2.179676,-4.09786,-9.151405,-0.03318584,0.9915987,0.01957267
-2.179676,-4.09786,-9.151405,-0.03318584,0.9915987,0.01957267
-2.179177,-4.104143,-9.142551,-0.03041836,0.991537,0.02285662
-2.179177,-4.104143,-9.142551,-0.03041836,0.991537,0.02285662
-2.179177,-4.104143,-9.142551,-0.03041836,0.991537,0.02285662
-2.179177,-4.104143,-9.142551,-0.03041836,0.991537,0.02285662
-2.179177,-4.104143,-9.142551,-0.03041836,0.991537,0.02285662
-2.195066,-4.104143,-9.141651,-0.02423702,0.9913436,0.02565069
-2.195066,-4.104143,-9.141651,-0.02423702,0.9913436,0.02565069
-2.195066,-4.104143,-9.141651,-0.02423702,0.9913436,0.02565069
-2.195066,-4.104143,-9.141651,-0.02423702,0.9913436,0.02565069
-2.195066,-4.104143,-9.141651,-0.02423702,0.9913436,0.02565069
-2.195066,-4.104143,-9.141651,-0.02423702,0.9913436,0.02565069
-2.195066,-4.104143,-9.141651,-0.01793959,0.9910702,0.02985917
-2.195066,-4.104143,-9.141651,-0.01793959,0.9910702,0.02985917
-2.195066,-4.104143,-9.141651,-0.01793959,0.9910702,0.02985917
-2.195066,-4.104143,-9.141651,-0.01793959,0.9910702,0.02985917
-2.195066,-4.104143,-9.141651,-0.01793959,0.9910702,0.02985917
-2.195066,-4.104143,-9.141651,-0.01793959,0.9910702,0.02985917
-2.195066,-4.104143,-9.141651,-0.01194652,0.9906671,0.0339314
-2.195066,-4.104143,-9.141651,-0.01194652,0.9906671,0.0339314
-2.195066,-4.104143,-9.141651,-0.01194652,0.9906671,0.0339314
-2.195066,-4.104143,-9.141651,-0.01194652,0.9906671,0.0339314
-2.195066,-4.104143,-9.141651,-0.01194652,0.9906671,0.0339314
-2.195066,-4.104143,-9.141651,-0.008108662,0.9900646,0.03962702
-2.195066,-4.104143,-9.141651,-0.008108662,0.9900646,0.03962702
-2.195066,-4.104143,-9.141651,-0.008108662,0.9900646,0.03962702
-2.195066,-4.104143,-9.141651,-0.008108662,0.9900646,0.03962702
-2.195066,-4.104143,-9.141651,-0.008108662,0.9900646,0.03962702
-2.195066,-4.104143,-9.141651,-0.008108662,0.9900646,0.03962702
-2.179877,-4.082073,-9.154963,-0.004845096,0.9890953,0.04804581
-2.179877,-4.082073,-9.154963,-0.004845096,0.9890953,0.04804581
-2.179877,-4.082073,-9.154963,-0.004845096,0.9890953,0.04804581
-2.179877,-4.082073,-9.154963,-0.004845096,0.9890953,0.04804581
-2.179877,-4.082073,-9.154963,-0.004845096,0.9890953,0.04804581
-2.148776,-4.05999,-9.169138,-0.003074302,0.988174,0.05512629
-2.148776,-4.05999,-9.169138,-0.003074302,0.988174,0.05512629
-2.148776,-4.05999,-9.169138,-0.003074302,0.988174,0.05512629
-2.148776,-4.05999,-9.169138,-0.003074302,0.988174,0.05512629
-2.148776,-4.05999,-9.169138,-0.003074302,0.988174,0.05512629
-2.148776,-4.05999,-9.169138,-0.003074302,0.988174,0.05512629
-2.103186,-4.018974,-9.210655,0.0004674117,0.9866344,0.06444909
-2.103186,-4.018974,-9.210655,0.0004674117,0.9866344,0.06444909
-2.103186,-4.018974,-9.210655,0.0004674117,0.9866344,0.06444909
-2.103186,-4.018974,-9.210655,0.0004674117,0.9866344,0.06444909
-2.103186,-4.018974,-9.210655,0.0004674117,0.9866344,0.06444909
-2.103186,-4.018974,-9.210655,0.0004674117,0.9866344,0.06444909
-2.057493,-3.97787,-9.25205,0.00243038,0.9851005,0.07302878
-2.057493,-3.97787,-9.25205,0.00243038,0.9851005,0.07302878
-2.057493,-3.97787,-9.25205,0.00243038,0.9851005,0.07302878
-2.057493,-3.97787,-9.25205,0.00243038,0.9851005,0.07302878
-2.057493,-3.97787,-9.25205,0.00243038,0.9851005,0.07302878
-2.057493,-3.97787,-9.25205,0.00243038,0.9851005,0.07302878
-2.028752,-3.908124,-9.313591,0.004342861,0.9829812,0.08518166
-2.028752,-3.908124,-9.313591,0.004342861,0.9829812,0.08518166
-2.028752,-3.908124,-9.313591,0.004342861,0.9829812,0.08518166
-2.028752,-3.908124,-9.313591,0.004342861,0.9829812,0.08518166
-2.028752,-3.908124,-9.313591,0.004342861,0.9829812,0.08518166
-2.016163,-3.847645,-9.379429,0.01010202,0.9809837,0.09469044
-2.016163,-3.847645,-9.379429,0.01010202,0.9809837,0.09469044
-2.016163,-3.847645,-9.379429,0.01010202,0.9809837,0.09469044
-2.016163,-3.847645,-9.379429,0.01010202,0.9809837,0.09469044
-2.016163,-3.847645,-9.379429,0.01010202,0.9809837,0.09469044
-2.016163,-3.847645,-9.379429,0.01010202,0.9809837,0.09469044
-2.019526,-3.786938,-9.444263,0.02103985,0.9784048,0.1076675
-2.019526,-3.786938,-9.444263,0.02103985,0.9784048,0.1076675
-2.019526,-3.786938,-9.444263,0.02103985,0.9784048,0.1076675
-2.019526,-3.786938,-9.444263,0.02103985,0.9784048,0.1076675
-2.019526,-3.786938,-9.444263,0.02103985,0.9784048,0.1076675
-2.022248,-3.748374,-9.496773,0.03472283,0.975578,0.1172074
-2.022248,-3.748374,-9.496773,0.03472283,0.975578,0.1172074
-2.022248,-3.748374,-9.496773,0.03472283,0.975578,0.1172074
-2.022248,-3.748374,-9.496773,0.03472283,0.975578,0.1172074
-2.022248,-3.748374,-9.496773,0.03472283,0.975578,0.1172074
-2.022248,-3.748374,-9.496773,0.03472283,0.975578,0.1172074
-2.009882,-3.655365,-9.568914,0.05035769,0.9716648,0.1312037
-2.009882,-3.655365,-9.568914,0.05035769,0.9716648,0.1312037
-2.009882,-3.655365,-9.568914,0.05035769,0.9716648,0.1312037
-2.009882,-3.655365,-9.568914,0.05035769,0.9716648,0.1312037
-2.009882,-3.655365,-9.568914,0.05035769,0.9716648,0.1312037
-2.009882,-3.655365,-9.568914,0.05035769,0.9716648,0.1312037
-1.979484,-3.56259,-9.604782,0.06689282,0.9671441,0.1441648
-1.979484,-3.56259,-9.604782,0.06689282,0.9671441,0.1441648
-1.979484,-3.56259,-9.604782,0.06689282,0.9671441,0.1441648
-1.979484,-3.56259,-9.604782,0.06689282,0.9671441,0.1441648
-1.979484,-3.56259,-9.604782,0.06689282,0.9671441,0.1441648
-1.931472,-3.505221,-9.611826,0.07906841,0.9633034,0.1565362
-1.931472,-3.505221,-9.611826,0.07906841,0.9633034,0.1565362
-1.931472,-3.505221,-9.611826,0.07906841,0.9633034,0.1565362
-1.931472,-3.505221,-9.611826,0.07906841,0.9633034,0.1565362
-1.931472,-3.505221,-9.611826,0.07906841,0.9633034,0.1565362
-1.931472,-3.505221,-9.611826,0.07906841,0.9633034,0.1565362
-1.883442,-3.447855,-9.618725,0.09312875,0.9582644,0.1702774
-1.883442,-3.447855,-9.618725,0.09312875,0.9582644,0.1702774
-1.883442,-3.447855,-9.618725,0.09312875,0.9582644,0.1702774
-1.883442,-3.447855,-9.618725,0.09312875,0.9582644,0.1702774
-1.883442,-3.447855,-9.618725,0.09312875,0.9582644,0.1702774
-1.883442,-3.447855,-9.618725,0.09312875,0.9582644,0.1702774
-1.835339,-3.431883,-9.624313,0.1058356,0.9532775,0.1822715
-1.835339,-3.431883,-9.624313,0.1058356,0.9532775,0.1822715
-1.835339,-3.431883,-9.624313,0.1058356,0.9532775,0.1822715
-1.835339,-3.431883,-9.624313,0.1058356,0.9532775,0.1822715
-1.835339,-3.431883,-9.624313,0.1058356,0.9532775,0.1822715
-1.803963,-3.418829,-9.643169,0.1146915,0.9489298,0.1933583
-1.803963,-3.418829,-9.643169,0.1146915,0.9489298,0.1933583
-1.803963,-3.418829,-9.643169,0.1146915,0.9489298,0.1933583
-1.803963,-3.418829,-9.643169,0.1146915,0.9489298,0.1933583
-1.803963,-3.418829,-9.643169,0.1146915,0.9489298,0.1933583
-1.803963,-3.418829,-9.643169,0.1146915,0.9489298,0.1933583
-1.739964,-3.412297,-9.65476,0.1235354,0.9439888,0.2057073
-1.739964,-3.412297,-9.65476,0.1235354,0.9439888,0.2057073
-1.739964,-3.412297,-9.65476,0.1235354,0.9439888,0.2057073
-1.739964,-3.412297,-9.65476,0.1235354,0.9439888,0.2057073
-1.739964,-3.412297,-9.65476,0.1235354,0.9439888,0.2057073
-1.675561,-3.412297,-9.657568,0.1303015,0.9397359,0.2149173
-1.675561,-3.412297,-9.657568,0.1303015,0.9397359,0.2149173
-1.675561,-3.412297,-9.657568,0.1303015,0.9397359,0.2149173
-1.675561,-3.412297,-9.657568,0.1303015,0.9397359,0.2149173
-1.675561,-3.412297,-9.657568,0.1303015,0.9397359,0.2149173
-1.675561,-3.412297,-9.657568,0.1303015,0.9397359,0.2149173
-1.611154,-3.412297,-9.660273,0.1354376,0.9350417,0.2264536
-1.611154,-3.412297,-9.660273,0.1354376,0.9350417,0.2264536
-1.611154,-3.412297,-9.660273,0.1354376,0.9350417,0.2264536
-1.611154,-3.412297,-9.660273,0.1354376,0.9350417,0.2264536
-1.611154,-3.412297,-9.660273,0.1354376,0.9350417,0.2264536
-1.56263,-3.402849,-9.656834,0.1402517,0.9310727,0.2354581
-1.56263,-3.402849,-9.656834,0.1402517,0.9310727,0.2354581
-1.56263,-3.402849,-9.656834,0.1402517,0.9310727,0.2354581
-1.56263,-3.402849,-9.656834,0.1402517,0.9310727,0.2354581
-1.56263,-3.402849,-9.656834,0.1402517,0.9310727,0.2354581
-1.56263,-3.402849,-9.656834,0.1402517,0.9310727,0.2354581
-1.546316,-3.393403,-9.652075,0.1460841,0.9266511,0.244505
-1.546316,-3.393403,-9.652075,0.1460841,0.9266511,0.244505
-1.546316,-3.393403,-9.652075,0.1460841,0.9266511,0.244505
-1.546316,-3.393403,-9.652075,0.1460841,0.9266511,0.244505
-1.546316,-3.393403,-9.652075,0.1460841,0.9266511,0.244505
-1.546316,-3.393403,-9.652075,0.1460841,0.9266511,0.244505
-1.514117,-3.393403,-9.653332,0.1481495,0.9227475,0.2534637
-1.514117,-3.393403,-9.653332,0.1481495,0.9227475,0.2534637
-1.514117,-3.393403,-9.653332,0.1481495,0.9227475,0.2534637
-1.514117,-3.393403,-9.653332,0.1481495,0.9227475,0.2534637
-1.514117,-3.393403,-9.653332,0.1481495,0.9227475,0.2534637
-1.49781,-3.38396,-9.648548,0.1493262,0.9193064,0.2608644
-1.49781,-3.38396,-9.648548,0.1493262,0.9193064,0.2608644
-1.49781,-3.38396,-9.648548,0.1493262,0.9193064,0.2608644
-1.49781,-3.38396,-9.648548,0.1493262,0.9193064,0.2608644
-1.49781,-3.38396,-9.648548,0.1493262,0.9193064,0.2608644
-1.49781,-3.38396,-9.648548,0.1493262,0.9193064,0.2608644
-1.497396,-3.365079,-9.63773,0.1524678,0.9150301,0.2692289
-1.497396,-3.365079,-9.63773,0.1524678,0.9150301,0.2692289
-1.497396,-3.365079,-9.63773,0.1524678,0.9150301,0.2692289
-1.497396,-3.365079,-9.63773,0.1524678,0.9150301,0.2692289
-1.497396,-3.365079,-9.63773,0.1524678,0.9150301,0.2692289
-1.497396,-3.365079,-9.63773,0.1524678,0.9150301,0.2692289
-1.49719,-3.355642,-9.632315,0.1529445,0.9112463,0.2769431
-1.49719,-3.355642,-9.632315,0.1529445,0.9112463,0.2769431
-1.49719,-3.355642,-9.632315,0.1529445,0.9112463,0.2769431
-1.49719,-3.355642,-9.632315,0.1529445,0.9112463,0.2769431
-1.49719,-3.355642,-9.632315,0.1529445,0.9112463,0.2769431
-1.480483,-3.327345,-9.616659,0.1545899,0.9078968,0.2824782
-1.480483,-3.327345,-9.616659,0.1545899,0.9078968,0.2824782
-1.480483,-3.327345,-9.616659,0.1545899,0.9078968,0.2824782
-1.480483,-3.327345,-9.616659,0.1545899,0.9078968,0.2824782
-1.480483,-3.327345,-9.616659,0.1545899,0.9078968,0.2824782
-1.480483,-3.327345,-9.616659,0.1545899,0.9078968,0.2824782
-1.414961,-3.27081,-9.586399,0.1550218,0.9040915,0.2890899
-1.414961,-3.27081,-9.586399,0.1550218,0.9040915,0.2890899
-1.414961,-3.27081,-9.586399,0.1550218,0.9040915,0.2890899
-1.414961,-3.27081,-9.586399,0.1550218,0.9040915,0.2890899
-1.414961,-3.27081,-9.586399,0.1550218,0.9040915,0.2890899
-1.414961,-3.27081,-9.586399,0.1550218,0.9040915,0.2890899
-1.349159,-3.195555,-9.544933,0.1546011,0.9014986,0.2930668
-1.349159,-3.195555,-9.544933,0.1546011,0.9014986,0.2930668
-1.349159,-3.195555,-9.544933,0.1546011,0.9014986,0.2930668
-1.349159,-3.195555,-9.544933,0.1546011,0.9014986,0.2930668
-1.349159,-3.195555,-9.544933,0.1546011,0.9014986,0.2930668
-1.315379,-3.111064,-9.496527,0.1565683,0.8988351,0.2962985
-1.315379,-3.111064,-9.496527,0.1565683,0.8988351,0.2962985
-1.315379,-3.111064,-9.496527,0.1565683,0.8988351,0.2962985
-1.315379,-3.111064,-9.496527,0.1565683,0.8988351,0.2962985
-1.315379,-3.111064,-9.496527,0.1565683,0.8988351,0.2962985
-1.315379,-3.111064,-9.496527,0.1565683,0.8988351,0.2962985
-1.313324,-3.008046,-9.435604,0.1593744,0.8960855,0.3004502
-1.313324,-3.008046,-9.435604,0.1593744,0.8960855,0.3004502
-1.313324,-3.008046,-9.435604,0.1593744,0.8960855,0.3004502
-1.313324,-3.008046,-9.435604,0.1593744,0.8960855,0.3004502
-1.313324,-3.008046,-9.435604,0.1593744,0.8960855,0.3004502
-1.295082,-2.895976,-9.36915,0.1634379,0.8934566,0.3030472
-1.295082,-2.895976,-9.36915,0.1634379,0.8934566,0.3030472
-1.295082,-2.895976,-9.36915,0.1634379,0.8934566,0.3030472
-1.295082,-2.895976,-9.36915,0.1634379,0.8934566,0.3030472
-1.295082,-2.895976,-9.36915,0.1634379,0.8934566,0.3030472
-1.295082,-2.895976,-9.36915,0.1634379,0.8934566,0.3030472
-1.29102,-2.75736,-9.247263,0.1684454,0.8903026,0.3051624
-1.29102,-2.75736,-9.247263,0.1684454,0.8903026,0.3051624
-1.29102,-2.75736,-9.247263,0.1684454,0.8903026,0.3051624
-1.29102,-2.75736,-9.247263,0.1684454,0.8903026,0.3051624
-1.29102,-2.75736,-9.247263,0.1684454,0.8903026,0.3051624
-1.29102,-2.75736,-9.247263,0.1684454,0.8903026,0.3051624
-1.270656,-2.641648,-9.113117,0.1745425,0.887102,0.3067896
-1.270656,-2.641648,-9.113117,0.1745425,0.887102,0.3067896
-1.270656,-2.641648,-9.113117,0.1745425,0.887102,0.3067896
-1.270656,-2.641648,-9.113117,0.1745425,0.887102,0.3067896
-1.270656,-2.641648,-9.113117,0.1745425,0.887102,0.3067896
-1.267141,-2.572533,-9.006321,0.1818153,0.8838865,0.3074365
-1.267141,-2.572533,-9.006321,0.1818153,0.8838865,0.3074365
-1.267141,-2.572533,-9.006321,0.1818153,0.8838865,0.3074365
-1.267141,-2.572533,-9.006321,0.1818153,0.8838865,0.3074365
-1.267141,-2.572533,-9.006321,0.1818153,0.8838865,0.3074365
-1.267141,-2.572533,-9.006321,0.1818153,0.8838865,0.3074365
-1.262556,-2.513814,-8.866993,0.1908063,0.8795547,0.308685
-1.262556,-2.513814,-8.866993,0.1908063,0.8795547,0.308685
-1.262556,-2.513814,-8.866993,0.1908063,0.8795547,0.308685
-1.262556,-2.513814,-8.866993,0.1908063,0.8795547,0.308685
-1.262556,-2.513814,-8.866993,0.1908063,0.8795547,0.308685
-1.262556,-2.513814,-8.866993,0.1908063,0.8795547,0.308685
-1.258526,-2.482718,-8.744526,0.2000128,0.8747765,0.3108065
-1.258526,-2.482718,-8.744526,0.2000128,0.8747765,0.3108065
-1.258526,-2.482718,-8.744526,0.2000128,0.8747765,0.3108065
-1.258526,-2.482718,-8.744526,0.2000128,0.8747765,0.3108065
-1.258526,-2.482718,-8.744526,0.2000128,0.8747765,0.3108065
-1.255157,-2.463491,-8.642126,0.2101893,0.8699529,0.3122676
-1.255157,-2.463491,-8.642126,0.2101893,0.8699529,0.3122676
-1.255157,-2.463491,-8.642126,0.2101893,0.8699529,0.3122676
-1.255157,-2.463491,-8.642126,0.2101893,0.8699529,0.3122676
-1.255157,-2.463491,-8.642126,0.2101893,0.8699529,0.3122676
-1.255157,-2.463491,-8.642126,0.2101893,0.8699529,0.3122676
-1.235751,-2.425932,-8.528112,0.2192062,0.864265,0.3161676
-1.235751,-2.425932,-8.528112,0.2192062,0.864265,0.3161676
-1.235751,-2.425932,-8.528112,0.2192062,0.864265,0.3161676
-1.235751,-2.425932,-8.528112,0.2192062,0.864265,0.3161676
-1.235751,-2.425932,-8.528112,0.2192062,0.864265,0.3161676
-1.235751,-2.425932,-8.528112,0.2192062,0.864265,0.3161676
-1.217273,-2.369309,-8.440081,0.2305268,0.8582748,0.3188253
-1.217273,-2.369309,-8.440081,0.2305268,0.8582748,0.3188253
-1.217273,-2.369309,-8.440081,0.2305268,0.8582748,0.3188253
-1.217273,-2.369309,-8.440081,0.2305268,0.8582748,0.3188253
-1.217273,-2.369309,-8.440081,0.2305268,0.8582748,0.3188253
-1.217273,-2.369309,-8.440081,0.2305268,0.8582748,0.3188253
-1.214705,-2.306471,-8.360014,0.2420197,0.8513555,0.3230732
-1.214705,-2.306471,-8.360014,0.2420197,0.8513555,0.3230732
-1.214705,-2.306471,-8.360014,0.2420197,0.8513555,0.3230732
-1.214705,-2.306471,-8.360014,0.2420197,0.8513555,0.3230732
-1.214705,-2.306471,-8.360014,0.2420197,0.8513555,0.3230732
-1.212318,-2.252869,-8.285633,0.249781,0.8463748,0.3256106
-1.212318,-2.252869,-8.285633,0.249781,0.8463748,0.3256106
-1.212318,-2.252869,-8.285633,0.249781,0.8463748,0.3256106
-1.212318,-2.252869,-8.285633,0.249781,0.8463748,0.3256106
-1.212318,-2.252869,-8.285633,0.249781,0.8463748,0.3256106
-1.212318,-2.252869,-8.285633,0.249781,0.8463748,0.3256106
-1.224659,-2.203002,-8.186796,0.2599282,0.8400111,0.3286944
-1.224659,-2.203002,-8.186796,0.2599282,0.8400111,0.3286944
-1.224659,-2.203002,-8.186796,0.2599282,0.8400111,0.3286944
-1.224659,-2.203002,-8.186796,0.2599282,0.8400111,0.3286944
-1.224659,-2.203002,-8.186796,0.2599282,0.8400111,0.3286944
-1.224659,-2.203002,-8.186796,0.2599282,0.8400111,0.3286944
-1.221452,-2.153245,-8.088097,0.2702512,0.8334924,0.3321696
-1.221452,-2.153245,-8.088097,0.2702512,0.8334924,0.3321696
-1.221452,-2.153245,-8.088097,0.2702512,0.8334924,0.3321696
-1.221452,-2.153245,-8.088097,0.2702512,0.8334924,0.3321696
-1.221452,-2.153245,-8.088097,0.2702512,0.8334924,0.3321696
-1.218917,-2.11532,-8.010096,0.2790908,0.8283582,0.334116
-1.218917,-2.11532,-8.010096,0.2790908,0.8283582,0.334116
-1.218917,-2.11532,-8.010096,0.2790908,0.8283582,0.334116
-1.218917,-2.11532,-8.010096,0.2790908,0.8283582,0.334116
-1.218917,-2.11532,-8.010096,0.2790908,0.8283582,0.334116
-1.218917,-2.11532,-8.010096,0.2790908,0.8283582,0.334116
-1.215778,-2.050494,-7.913483,0.2882052,0.8224924,0.3369349
-1.215778,-2.050494,-7.913483,0.2882052,0.8224924,0.3369349
-1.215778,-2.050494,-7.913483,0.2882052,0.8224924,0.3369349
-1.215778,-2.050494,-7.913483,0.2882052,0.8224924,0.3369349
-1.215778,-2.050494,-7.913483,0.2882052,0.8224924,0.3369349
-1.215778,-2.050494,-7.913483,0.2882052,0.8224924,0.3369349
-1.212826,-1.994821,-7.822632,0.2981384,0.8161144,0.3395292
-1.212826,-1.994821,-7.822632,0.2981384,0.8161144,0.3395292
-1.212826,-1.994821,-7.822632,0.2981384,0.8161144,0.3395292
-1.212826,-1.994821,-7.822632,0.2981384,0.8161144,0.3395292
-1.212826,-1.994821,-7.822632,0.2981384,0.8161144,0.3395292
-1.210554,-1.950926,-7.752726,0.3071749,0.8102924,0.3413532
-1.210554,-1.950926,-7.752726,0.3071749,0.8102924,0.3413532
-1.210554,-1.950926,-7.752726,0.3071749,0.8102924,0.3413532
-1.210554,-1.950926,-7.752726,0.3071749,0.8102924,0.3413532
-1.210554,-1.950926,-7.752726,0.3071749,0.8102924,0.3413532
-1.210554,-1.950926,-7.752726,0.3071749,0.8102924,0.3413532
-1.207206,-1.916912,-7.649714,0.3182488,0.8035296,0.3424239
-1.207206,-1.916912,-7.649714,0.3182488,0.8035296,0.3424239
-1.207206,-1.916912,-7.649714,0.3182488,0.8035296,0.3424239
-1.207206,-1.916912,-7.649714,0.3182488,0.8035296,0.3424239
-1.207206,-1.916912,-7.649714,0.3182488,0.8035296,0.3424239
-1.207206,-1.916912,-7.649714,0.3182488,0.8035296,0.3424239
-1.188444,-1.913159,-7.541537,0.327321,0.7971346,0.3447352
-1.188444,-1.913159,-7.541537,0.327321,0.7971346,0.3447352
-1.188444,-1.913159,-7.541537,0.327321,0.7971346,0.3447352
-1.188444,-1.913159,-7.541537,0.327321,0.7971346,0.3447352
-1.188444,-1.913159,-7.541537,0.327321,0.7971346,0.3447352
-1.188444,-1.913159,-7.541537,0.327321,0.7971346,0.3447352
-1.184374,-1.921607,-7.41469,0.3349579,0.7918653,0.3462256
-1.184374,-1.921607,-7.41469,0.3349579,0.7918653,0.3462256
-1.184374,-1.921607,-7.41469,0.3349579,0.7918653,0.3462256
-1.184374,-1.921607,-7.41469,0.3349579,0.7918653,0.3462256
-1.184374,-1.921607,-7.41469,0.3349579,0.7918653,0.3462256
-1.18012,-1.9598,-7.282092,0.3416414,0.7871562,0.3464517
-1.18012,-1.9598,-7.282092,0.3416414,0.7871562,0.3464517
-1.18012,-1.9598,-7.282092,0.3416414,0.7871562,0.3464517
-1.18012,-1.9598,-7.282092,0.3416414,0.7871562,0.3464517
-1.18012,-1.9598,-7.282092,0.3416414,0.7871562,0.3464517
-1.18012,-1.9598,-7.282092,0.3416414,0.7871562,0.3464517
-1.17565,-1.988635,-7.142778,0.3481486,0.7830067,0.3474324
-1.17565,-1.988635,-7.142778,0.3481486,0.7830067,0.3474324
-1.17565,-1.988635,-7.142778,0.3481486,0.7830067,0.3474324
-1.17565,-1.988635,-7.142778,0.3481486,0.7830067,0.3474324
-1.17565,-1.988635,-7.142778,0.3481486,0.7830067,0.3474324
-1.17565,-1.988635,-7.142778,0.3481486,0.7830067,0.3474324
-1.172005,-1.960219,-7.029181,0.3550287,0.7773777,0.3506726
-1.172005,-1.960219,-7.029181,0.3550287,0.7773777,0.3506726
-1.172005,-1.960219,-7.029181,0.3550287,0.7773777,0.3506726
-1.172005,-1.960219,-7.029181,0.3550287,0.7773777,0.3506726
-1.172005,-1.960219,-7.029181,0.3550287,0.7773777,0.3506726
-1.18479,-1.901601,-6.959906,0.3614689,0.7725676,0.3535445
-1.18479,-1.901601,-6.959906,0.3614689,0.7725676,0.3535445
-1.18479,-1.901601,-6.959906,0.3614689,0.7725676,0.3535445
-1.18479,-1.901601,-6.959906,0.3614689,0.7725676,0.3535445
-1.18479,-1.901601,-6.959906,0.3614689,0.7725676,0.3535445
-1.18479,-1.901601,-6.959906,0.3614689,0.7725676,0.3535445
-1.181716,-1.80792,-6.865304,0.3721642,0.764408,0.3566833
-1.181716,-1.80792,-6.865304,0.3721642,0.764408,0.3566833
-1.181716,-1.80792,-6.865304,0.3721642,0.764408,0.3566833
-1.181716,-1.80792,-6.865304,0.3721642,0.764408,0.3566833
-1.181716,-1.80792,-6.865304,0.3721642,0.764408,0.3566833
-1.181716,-1.80792,-6.865304,0.3721642,0.764408,0.3566833
-1.178162,-1.750219,-6.755938,0.3801153,0.7575164,0.3589624
-1.178162,-1.750219,-6.755938,0.3801153,0.7575164,0.3589624
-1.178162,-1.750219,-6.755938,0.3801153,0.7575164,0.3589624
-1.178162,-1.750219,-6.755938,0.3801153,0.7575164,0.3589624
-1.178162,-1.750219,-6.755938,0.3801153,0.7575164,0.3589624
-1.159441,-1.698689,-6.637576,0.3871753,0.7514178,0.3608894
-1.159441,-1.698689,-6.637576,0.3871753,0.7514178,0.3608894
-1.159441,-1.698689,-6.637576,0.3871753,0.7514178,0.3608894
-1.159441,-1.698689,-6.637576,0.3871753,0.7514178,0.3608894
-1.159441,-1.698689,-6.637576,0.3871753,0.7514178,0.3608894
-1.159441,-1.698689,-6.637576,0.3871753,0.7514178,0.3608894
-1.154822,-1.650518,-6.49363,0.393973,0.7454025,0.3617845
-1.154822,-1.650518,-6.49363,0.393973,0.7454025,0.3617845
-1.154822,-1.650518,-6.49363,0.393973,0.7454025,0.3617845
-1.154822,-1.650518,-6.49363,0.393973,0.7454025,0.3617845
-1.154822,-1.650518,-6.49363,0.393973,0.7454025,0.3617845
-1.154822,-1.650518,-6.49363,0.393973,0.7454025,0.3617845
-1.150313,-1.625749,-6.353094,0.3999408,0.7406563,0.3621603
-1.150313,-1.625749,-6.353094,0.3999408,0.7406563,0.3621603
-1.150313,-1.625749,-6.353094,0.3999408,0.7406563,0.3621603
-1.150313,-1.625749,-6.353094,0.3999408,0.7406563,0.3621603
-1.150313,-1.625749,-6.353094,0.3999408,0.7406563,0.3621603
-1.146129,-1.632815,-6.222662,0.406411,0.734992,0.3635676
-1.146129,-1.632815,-6.222662,0.406411,0.734992,0.3635676
-1.146129,-1.632815,-6.222662,0.406411,0.734992,0.3635676
-1.146129,-1.632815,-6.222662,0.406411,0.734992,0.3635676
-1.146129,-1.632815,-6.222662,0.406411,0.734992,0.3635676
-1.146129,-1.632815,-6.222662,0.406411,0.734992,0.3635676
-1.125557,-1.674707,-6.037407,0.4111569,0.7308527,0.3635898
-1.125557,-1.674707,-6.037407,0.4111569,0.7308527,0.3635898
-1.125557,-1.674707,-6.037407,0.4111569,0.7308527,0.3635898
-1.125557,-1.674707,-6.037407,0.4111569,0.7308527,0.3635898
-1.125557,-1.674707,-6.037407,0.4111569,0.7308527,0.3635898
-1.125557,-1.674707,-6.037407,0.4111569,0.7308527,0.3635898
-1.118402,-1.753235,-5.811528,0.416517,0.7262923,0.3641782
-1.118402,-1.753235,-5.811528,0.416517,0.7262923,0.3641782
-1.118402,-1.753235,-5.811528,0.416517,0.7262923,0.3641782
-1.118402,-1.753235,-5.811528,0.416517,0.7262923,0.3641782
-1.118402,-1.753235,-5.811528,0.416517,0.7262923,0.3641782
-1.111716,-1.833125,-5.600402,0.418555,0.724976,0.363527
-1.111716,-1.833125,-5.600402,0.418555,0.724976,0.363527
-1.111716,-1.833125,-5.600402,0.418555,0.724976,0.363527
-1.111716,-1.833125,-5.600402,0.418555,0.724976,0.363527
-1.111716,-1.833125,-5.600402,0.418555,0.724976,0.363527
-1.111716,-1.833125,-5.600402,0.418555,0.724976,0.363527
-1.088905,-1.945137,-5.332884,0.4226569,0.7215373,0.3624583
-1.088905,-1.945137,-5.332884,0.4226569,0.7215373,0.3624583
-1.088905,-1.945137,-5.332884,0.4226569,0.7215373,0.3624583
-1.088905,-1.945137,-5.332884,0.4226569,0.7215373,0.3624583
-1.088905,-1.945137,-5.332884,0.4226569,0.7215373,0.3624583
-1.088905,-1.945137,-5.332884,0.4226569,0.7215373,0.3624583
-1.081234,-2.015421,-5.087505,0.4244303,0.7206917,0.3614822
-1.081234,-2.015421,-5.087505,0.4244303,0.7206917,0.3614822
-1.081234,-2.015421,-5.087505,0.4244303,0.7206917,0.3614822
-1.081234,-2.015421,-5.087505,0.4244303,0.7206917,0.3614822
-1.081234,-2.015421,-5.087505,0.4244303,0.7206917,0.3614822
-1.076172,-2.03503,-4.925567,0.4291201,0.7176173,0.361742
-1.076172,-2.03503,-4.925567,0.4291201,0.7176173,0.361742
-1.076172,-2.03503,-4.925567,0.4291201,0.7176173,0.361742
-1.076172,-2.03503,-4.925567,0.4291201,0.7176173,0.361742
-1.076172,-2.03503,-4.925567,0.4291201,0.7176173,0.361742
-1.076172,-2.03503,-4.925567,0.4291201,0.7176173,0.361742
-1.070845,-2.008992,-4.755166,0.4331685,0.7142571,0.3626773
-1.070845,-2.008992,-4.755166,0.4331685,0.7142571,0.3626773
-1.070845,-2.008992,-4.755166,0.4331685,0.7142571,0.3626773
-1.070845,-2.008992,-4.755166,0.4331685,0.7142571,0.3626773
-1.070845,-2.008992,-4.755166,0.4331685,0.7142571,0.3626773
-1.070845,-2.008992,-4.755166,0.4331685,0.7142571,0.3626773
-1.065372,-1.960322,-4.580096,0.4374984,0.7114266,0.3623628
-1.065372,-1.960322,-4.580096,0.4374984,0.7114266,0.3623628
-1.065372,-1.960322,-4.580096,0.4374984,0.7114266,0.3623628
-1.065372,-1.960322,-4.580096,0.4374984,0.7114266,0.3623628
-1.065372,-1.960322,-4.580096,0.4374984,0.7114266,0.3623628
-1.061272,-1.898798,-4.448936,0.4425269,0.7078747,0.362221
-1.061272,-1.898798,-4.448936,0.4425269,0.7078747,0.362221
-1.061272,-1.898798,-4.448936,0.4425269,0.7078747,0.362221
-1.061272,-1.898798,-4.448936,0.4425269,0.7078747,0.362221
-1.061272,-1.898798,-4.448936,0.4425269,0.7078747,0.362221
-1.061272,-1.898798,-4.448936,0.4425269,0.7078747,0.362221
-1.028353,-1.831177,-4.285533,0.4488457,0.7025469,0.36183
-1.028353,-1.831177,-4.285533,0.4488457,0.7025469,0.36183
-1.028353,-1.831177,-4.285533,0.4488457,0.7025469,0.36183
-1.028353,-1.831177,-4.285533,0.4488457,0.7025469,0.36183
-1.028353,-1.831177,-4.285533,0.4488457,0.7025469,0.36183
-1.028353,-1.831177,-4.285533,0.4488457,0.7025469,0.36183
-0.9528584,-1.790171,-4.075099,0.4523472,0.699631,0.3608587
-0.9528584,-1.790171,-4.075099,0.4523472,0.699631,0.3608587
-0.9528584,-1.790171,-4.075099,0.4523472,0.699631,0.3608587
-0.9528584,-1.790171,-4.075099,0.4523472,0.699631,0.3608587
-0.9528584,-1.790171,-4.075099,0.4523472,0.699631,0.3608587
-0.8789377,-1.782579,-3.891224,0.4561881,0.6962691,0.3595199
-0.8789377,-1.782579,-3.891224,0.4561881,0.6962691,0.3595199
-0.8789377,-1.782579,-3.891224,0.4561881,0.6962691,0.3595199
-0.8789377,-1.782579,-3.891224,0.4561881,0.6962691,0.3595199
-0.8789377,-1.782579,-3.891224,0.4561881,0.6962691,0.3595199
-0.8789377,-1.782579,-3.891224,0.4561881,0.6962691,0.3595199
-0.707891,-1.795784,-3.60178,0.4632838,0.6897019,0.3585032
-0.707891,-1.795784,-3.60178,0.4632838,0.6897019,0.3585032
-0.707891,-1.795784,-3.60178,0.4632838,0.6897019,0.3585032
-0.6105461,-1.7949,-3.492185,0.4645235,0.6880549,0.3582413
-0.6105461,-1.7949,-3.492185,0.4645235,0.6880549,0.3582413
-0.6105461,-1.7949,-3.492185,0.4645235,0.6880549,0.3582413
-0.6105461,-1.7949,-3.492185,0.4645235,0.6880549,0.3582413
-0.6105461,-1.7949,-3.492185,0.4645235,0.6880549,0.3582413
-0.6105461,-1.7949,-3.492185,0.4645235,0.6880549,0.3582413
-0.4313965,-1.774186,-3.283559,0.4664521,0.6857573,0.3579039
-0.4313965,-1.774186,-3.283559,0.4664521,0.6857573,0.3579039
-0.4313965,-1.774186,-3.283559,0.4664521,0.6857573,0.3579039
-0.4313965,-1.774186,-3.283559,0.4664521,0.6857573,0.3579039
-0.4313965,-1.774186,-3.283559,0.4664521,0.6857573,0.3579039
-0.2545433,-1.761343,-3.080196,0.4693318,0.6825706,0.3589261
-0.2545433,-1.761343,-3.080196,0.4693318,0.6825706,0.3589261
-0.2545433,-1.761343,-3.080196,0.4693318,0.6825706,0.3589261
-0.2545433,-1.761343,-3.080196,0.4693318,0.6825706,0.3589261
-0.2545433,-1.761343,-3.080196,0.4693318,0.6825706,0.3589261
-0.2545433,-1.761343,-3.080196,0.4693318,0.6825706,0.3589261
-0.05313969,-1.734683,-2.808127,0.4720017,0.6811974,0.357727
-0.05313969,-1.734683,-2.808127,0.4720017,0.6811974,0.357727
-0.05313969,-1.734683,-2.808127,0.4720017,0.6811974,0.357727
-0.05313969,-1.734683,-2.808127,0.4720017,0.6811974,0.357727
-0.05313969,-1.734683,-2.808127,0.4720017,0.6811974,0.357727
-0.05313969,-1.734683,-2.808127,0.4720017,0.6811974,0.357727
0.09212017,-1.721839,-2.504522,0.4750812,0.6806743,0.3550409
0.09212017,-1.721839,-2.504522,0.4750812,0.6806743,0.3550409
0.09212017,-1.721839,-2.504522,0.4750812,0.6806743,0.3550409
0.09212017,-1.721839,-2.504522,0.4750812,0.6806743,0.3550409
0.09212017,-1.721839,-2.504522,0.4750812,0.6806743,0.3550409
0.1568232,-1.690799,-2.281948,0.479454,0.6791621,0.3518672
0.1568232,-1.690799,-2.281948,0.479454,0.6791621,0.3518672
0.1568232,-1.690799,-2.281948,0.479454,0.6791621,0.3518672
0.1568232,-1.690799,-2.281948,0.479454,0.6791621,0.3518672
0.1568232,-1.690799,-2.281948,0.479454,0.6791621,0.3518672
0.1568232,-1.690799,-2.281948,0.479454,0.6791621,0.3518672
0.1560826,-1.64727,-2.131878,0.4819548,0.6805498,0.3488431
0.1560826,-1.64727,-2.131878,0.4819548,0.6805498,0.3488431
0.1560826,-1.64727,-2.131878,0.4819548,0.6805498,0.3488431
0.1560826,-1.64727,-2.131878,0.4819548,0.6805498,0.3488431
0.1560826,-1.64727,-2.131878,0.4819548,0.6805498,0.3488431
0.1560826,-1.64727,-2.131878,0.4819548,0.6805498,0.3488431
0.1297808,-1.599779,-2.06189,0.4857611,0.6800184,0.3460301
0.1297808,-1.599779,-2.06189,0.4857611,0.6800184,0.3460301
0.1297808,-1.599779,-2.06189,0.4857611,0.6800184,0.3460301
0.1297808,-1.599779,-2.06189,0.4857611,0.6800184,0.3460301
0.1297808,-1.599779,-2.06189,0.4857611,0.6800184,0.3460301
0.06481075,-1.572022,-2.023351,0.4883671,0.6794002,0.3446513
0.06481075,-1.572022,-2.023351,0.4883671,0.6794002,0.3446513
0.06481075,-1.572022,-2.023351,0.4883671,0.6794002,0.3446513
0.06481075,-1.572022,-2.023351,0.4883671,0.6794002,0.3446513
0.06481075,-1.572022,-2.023351,0.4883671,0.6794002,0.3446513
0.06481075,-1.572022,-2.023351,0.4883671,0.6794002,0.3446513
0,-1.523366,-1.979878,0.4906923,0.6780053,0.3442524
0,-1.523366,-1.979878,0.4906923,0.6780053,0.3442524
0,-1.523366,-1.979878,0.4906923,0.6780053,0.3442524
0,-1.523366,-1.979878,0.4906923,0.6780053,0.3442524
0,-1.523366,-1.979878,0.4906923,0.6780053,0.3442524
0,-1.523366,-1.979878,0.4906923,0.6780053,0.3442524
-0.05165339,-1.455318,-1.904521,0.4905359,0.6781102,0.3443935
-0.05165339,-1.455318,-1.904521,0.4905359,0.6781102,0.3443935
-0.05165339,-1.455318,-1.904521,0.4905359,0.6781102,0.3443935
-0.05165339,-1.455318,-1.904521,0.4905359,0.6781102,0.3443935
-0.05165339,-1.455318,-1.904521,0.4905359,0.6781102,0.3443935
-0.09015465,-1.379462,-1.821524,0.4906417,0.6776808,0.3442798
-0.09015465,-1.379462,-1.821524,0.4906417,0.6776808,0.3442798
-0.09015465,-1.379462,-1.821524,0.4906417,0.6776808,0.3442798
-0.09015465,-1.379462,-1.821524,0.4906417,0.6776808,0.3442798
-0.09015465,-1.379462,-1.821524,0.4906417,0.6776808,0.3442798
-0.09015465,-1.379462,-1.821524,0.4906417,0.6776808,0.3442798
-0.1026063,-1.268593,-1.691607,0.4917158,0.6760689,0.3444209
-0.1026063,-1.268593,-1.691607,0.4917158,0.6760689,0.3444209
-0.1026063,-1.268593,-1.691607,0.4917158,0.6760689,0.3444209
-0.1026063,-1.268593,-1.691607,0.4917158,0.6760689,0.3444209
-0.1026063,-1.268593,-1.691607,0.4917158,0.6760689,0.3444209
-0.1026063,-1.268593,-1.691607,0.4917158,0.6760689,0.3444209
-0.1276999,-1.137768,-1.555824,0.4931783,0.6738792,0.3436197
-0.1276999,-1.137768,-1.555824,0.4931783,0.6738792,0.3436197
-0.1276999,-1.137768,-1.555824,0.4931783,0.6738792,0.3436197
-0.1276999,-1.137768,-1.555824,0.4931783,0.6738792,0.3436197
-0.1276999,-1.137768,-1.555824,0.4931783,0.6738792,0.3436197
-0.1399975,-1.026801,-1.451384,0.4950454,0.6729853,0.3418841
-0.1399975,-1.026801,-1.451384,0.4950454,0.6729853,0.3418841
-0.1399975,-1.026801,-1.451384,0.4950454,0.6729853,0.3418841
-0.1399975,-1.026801,-1.451384,0.4950454,0.6729853,0.3418841
-0.1399975,-1.026801,-1.451384,0.4950454,0.6729853,0.3418841
-0.1399975,-1.026801,-1.451384,0.4950454,0.6729853,0.3418841
-0.1774306,-0.90543,-1.321327,0.4949839,0.6734259,0.3400187
-0.1774306,-0.90543,-1.321327,0.4949839,0.6734259,0.3400187
-0.1774306,-0.90543,-1.321327,0.4949839,0.6734259,0.3400187
-0.1774306,-0.90543,-1.321327,0.4949839,0.6734259,0.3400187
-0.1774306,-0.90543,-1.321327,0.4949839,0.6734259,0.3400187
-0.1774306,-0.90543,-1.321327,0.4949839,0.6734259,0.3400187
-0.2145753,-0.8051686,-1.195762,0.496886,0.6722096,0.3387642
-0.2145753,-0.8051686,-1.195762,0.496886,0.6722096,0.3387642
-0.2145753,-0.8051686,-1.195762,0.496886,0.6722096,0.3387642
-0.2145753,-0.8051686,-1.195762,0.496886,0.6722096,0.3387642
-0.2145753,-0.8051686,-1.195762,0.496886,0.6722096,0.3387642
-0.2145753,-0.8051686,-1.195762,0.496886,0.6722096,0.3387642
-0.2642374,-0.7365994,-1.099866,0.4976517,0.6717851,0.3373756
-0.2642374,-0.7365994,-1.099866,0.4976517,0.6717851,0.3373756
-0.2642374,-0.7365994,-1.099866,0.4976517,0.6717851,0.3373756
-0.2642374,-0.7365994,-1.099866,0.4976517,0.6717851,0.3373756
-0.2642374,-0.7365994,-1.099866,0.4976517,0.6717851,0.3373756
-0.3136826,-0.6636326,-1.013368,0.4974,0.6721426,0.3367192
-0.3136826,-0.6636326,-1.013368,0.4974,0.6721426,0.3367192
-0.3136826,-0.6636326,-1.013368,0.4974,0.6721426,0.3367192
-0.3136826,-0.6636326,-1.013368,0.4974,0.6721426,0.3367192
-0.3136826,-0.6636326,-1.013368,0.4974,0.6721426,0.3367192
-0.3136826,-0.6636326,-1.013368,0.4974,0.6721426,0.3367192
-0.387764,-0.5832558,-0.9184918,0.4988095,0.67112,0.3357033
-0.387764,-0.5832558,-0.9184918,0.4988095,0.67112,0.3357033
-0.387764,-0.5832558,-0.9184918,0.4988095,0.67112,0.3357033
-0.387764,-0.5832558,-0.9184918,0.4988095,0.67112,0.3357033
-0.387764,-0.5832558,-0.9184918,0.4988095,0.67112,0.3357033
-0.387764,-0.5832558,-0.9184918,0.4988095,0.67112,0.3357033
-0.4366584,-0.5186236,-0.8388305,0.4989749,0.6707737,0.3354886
-0.4366584,-0.5186236,-0.8388305,0.4989749,0.6707737,0.3354886
-0.4366584,-0.5186236,-0.8388305,0.4989749,0.6707737,0.3354886
-0.4366584,-0.5186236,-0.8388305,0.4989749,0.6707737,0.3354886
-0.4366584,-0.5186236,-0.8388305,0.4989749,0.6707737,0.3354886
-0.4606061,-0.4819152,-0.7725883,0.4993388,0.6699995,0.3356217
-0.4606061,-0.4819152,-0.7725883,0.4993388,0.6699995,0.3356217
-0.4606061,-0.4819152,-0.7725883,0.4993388,0.6699995,0.3356217
-0.4606061,-0.4819152,-0.7725883,0.4993388,0.6699995,0.3356217
-0.4606061,-0.4819152,-0.7725883,0.4993388,0.6699995,0.3356217
-0.4606061,-0.4819152,-0.7725883,0.4993388,0.6699995,0.3356217
-0.508657,-0.4516473,-0.6686158,0.4983894,0.6711022,0.3347768
-0.508657,-0.4516473,-0.6686158,0.4983894,0.6711022,0.3347768
-0.508657,-0.4516473,-0.6686158,0.4983894,0.6711022,0.3347768
-0.508657,-0.4516473,-0.6686158,0.4983894,0.6711022,0.3347768
-0.508657,-0.4516473,-0.6686158,0.4983894,0.6711022,0.3347768
-0.508657,-0.4516473,-0.6686158,0.4983894,0.6711022,0.3347768
-0.5440016,-0.4214339,-0.5645919,0.4989737,0.6703106,0.3346821
-0.5440016,-0.4214339,-0.5645919,0.4989737,0.6703106,0.3346821
-0.5440016,-0.4214339,-0.5645919,0.4989737,0.6703106,0.3346821
-0.5440016,-0.4214339,-0.5645919,0.4989737,0.6703106,0.3346821
-0.5440016,-0.4214339,-0.5645919,0.4989737,0.6703106,0.3346821
-0.5440016,-0.4214339,-0.5645919,0.4989737,0.6703106,0.3346821
-0.5909443,-0.3684816,-0.4367213,0.4987787,0.6706329,0.3337639
-0.5909443,-0.3684816,-0.4367213,0.4987787,0.6706329,0.3337639
-0.5909443,-0.3684816,-0.4367213,0.4987787,0.6706329,0.3337639
-0.5909443,-0.3684816,-0.4367213,0.4987787,0.6706329,0.3337639
-0.5909443,-0.3684816,-0.4367213,0.4987787,0.6706329,0.3337639
-0.6379619,-0.3384457,-0.3318791,0.4979112,0.6714982,0.3337177
-0.6379619,-0.3384457,-0.3318791,0.4979112,0.6714982,0.3337177
-0.6379619,-0.3384457,-0.3318791,0.4979112,0.6714982,0.3337177
-0.6379619,-0.3384457,-0.3318791,0.4979112,0.6714982,0.3337177
-0.6379619,-0.3384457,-0.3318791,0.4979112,0.6714982,0.3337177
-0.6379619,-0.3384457,-0.3318791,0.4979112,0.6714982,0.3337177
-0.6966715,-0.3009188,-0.2186441,0.498536,0.6711298,0.3326255
-0.6966715,-0.3009188,-0.2186441,0.498536,0.6711298,0.3326255
-0.6966715,-0.3009188,-0.2186441,0.498536,0.6711298,0.3326255
-0.6966715,-0.3009188,-0.2186441,0.498536,0.6711298,0.3326255
-0.6966715,-0.3009188,-0.2186441,0.498536,0.6711298,0.3326255
-0.6966715,-0.3009188,-0.2186441,0.498536,0.6711298,0.3326255
-0.7423902,-0.2921968,-0.09148216,0.4980555,0.6716647,0.3313065
-0.7423902,-0.2921968,-0.09148216,0.4980555,0.6716647,0.3313065
-0.7423902,-0.2921968,-0.09148216,0.4980555,0.6716647,0.3313065
-0.7423902,-0.2921968,-0.09148216,0.4980555,0.6716647,0.3313065
-0.7423902,-0.2921968,-0.09148216,0.4980555,0.6716647,0.3313065
-0.7423902,-0.2921968,-0.09148216,0.4980555,0.6716647,0.3313065
-0.8118062,-0.3073714,0.0406599,0.4961346,0.6746114,0.3301201
-0.8118062,-0.3073714,0.0406599,0.4961346,0.6746114,0.3301201
-0.8118062,-0.3073714,0.0406599,0.4961346,0.6746114,0.3301201
-0.8118062,-0.3073714,0.0406599,0.4961346,0.6746114,0.3301201
-0.8118062,-0.3073714,0.0406599,0.4961346,0.6746114,0.3301201
-0.8118062,-0.3073714,0.0406599,0.4961346,0.6746114,0.3301201
-0.9161243,-0.3311164,0.1941147,0.4972285,0.6744607,0.3282386
-0.9161243,-0.3311164,0.1941147,0.4972285,0.6744607,0.3282386
-0.9161243,-0.3311164,0.1941147,0.4972285,0.6744607,0.3282386
-0.9161243,-0.3311164,0.1941147,0.4972285,0.6744607,0.3282386
-0.9161243,-0.3311164,0.1941147,0.4972285,0.6744607,0.3282386
-1.044346,-0.3410881,0.3193221,0.4992462,0.6737226,0.3276379
-1.044346,-0.3410881,0.3193221,0.4992462,0.6737226,0.3276379
-1.044346,-0.3410881,0.3193221,0.4992462,0.6737226,0.3276379
-1.044346,-0.3410881,0.3193221,0.4992462,0.6737226,0.3276379
-1.044346,-0.3410881,0.3193221,0.4992462,0.6737226,0.3276379
-1.044346,-0.3410881,0.3193221,0.4992462,0.6737226,0.3276379
-1.220815,-0.3450894,0.4095492,0.5018028,0.6731262,0.3270271
-1.220815,-0.3450894,0.4095492,0.5018028,0.6731262,0.3270271
-1.220815,-0.3450894,0.4095492,0.5018028,0.6731262,0.3270271
-1.220815,-0.3450894,0.4095492,0.5018028,0.6731262,0.3270271
-1.220815,-0.3450894,0.4095492,0.5018028,0.6731262,0.3270271
-1.220815,-0.3450894,0.4095492,0.5018028,0.6731262,0.3270271
-1.421702,-0.3670197,0.4684505,0.5048184,0.6710255,0.3265193
-1.421702,-0.3670197,0.4684505,0.5048184,0.6710255,0.3265193
-1.421702,-0.3670197,0.4684505,0.5048184,0.6710255,0.3265193
-1.421702,-0.3670197,0.4684505,0.5048184,0.6710255,0.3265193
-1.421702,-0.3670197,0.4684505,0.5048184,0.6710255,0.3265193
-1.574169,-0.3888485,0.5261531,0.5082759,0.6677645,0.3263692
-1.574169,-0.3888485,0.5261531,0.5082759,0.6677645,0.3263692
-1.574169,-0.3888485,0.5261531,0.5082759,0.6677645,0.3263692
-1.574169,-0.3888485,0.5261531,0.5082759,0.6677645,0.3263692
-1.574169,-0.3888485,0.5261531,0.5082759,0.6677645,0.3263692
-1.574169,-0.3888485,0.5261531,0.5082759,0.6677645,0.3263692
-1.723087,-0.4322019,0.6344595,0.5104253,0.6648877,0.3260015
-1.723087,-0.4322019,0.6344595,0.5104253,0.6648877,0.3260015
-1.723087,-0.4322019,0.6344595,0.5104253,0.6648877,0.3260015
-1.723087,-0.4322019,0.6344595,0.5104253,0.6648877,0.3260015
-1.723087,-0.4322019,0.6344595,0.5104253,0.6648877,0.3260015
-1.723087,-0.4322019,0.6344595,0.5104253,0.6648877,0.3260015
-1.868149,-0.5039492,0.7856908,0.5125277,0.6628056,0.3249344
-1.868149,-0.5039492,0.7856908,0.5125277,0.6628056,0.3249344
-1.868149,-0.5039492,0.7856908,0.5125277,0.6628056,0.3249344
-1.868149,-0.5039492,0.7856908,0.5125277,0.6628056,0.3249344
-1.868149,-0.5039492,0.7856908,0.5125277,0.6628056,0.3249344
-1.986882,-0.5714905,0.9542766,0.5151961,0.659956,0.3245446
-1.986882,-0.5714905,0.9542766,0.5151961,0.659956,0.3245446
-1.986882,-0.5714905,0.9542766,0.5151961,0.659956,0.3245446
-1.986882,-0.5714905,0.9542766,0.5151961,0.659956,0.3245446
-1.986882,-0.5714905,0.9542766,0.5151961,0.659956,0.3245446
-1.986882,-0.5714905,0.9542766,0.5151961,0.659956,0.3245446
-2.136667,-0.6619289,1.15864,0.5182023,0.6578703,0.3240682
-2.136667,-0.6619289,1.15864,0.5182023,0.6578703,0.3240682
-2.136667,-0.6619289,1.15864,0.5182023,0.6578703,0.3240682
-2.136667,-0.6619289,1.15864,0.5182023,0.6578703,0.3240682
-2.136667,-0.6619289,1.15864,0.5182023,0.6578703,0.3240682
-2.231036,-0.7265081,1.299458,0.5206808,0.6563059,0.3239648
-2.231036,-0.7265081,1.299458,0.5206808,0.6563059,0.3239648
-2.231036,-0.7265081,1.299458,0.5206808,0.6563059,0.3239648
-2.231036,-0.7265081,1.299458,0.5206808,0.6563059,0.3239648
-2.231036,-0.7265081,1.299458,0.5206808,0.6563059,0.3239648
-2.231036,-0.7265081,1.299458,0.5206808,0.6563059,0.3239648
-2.316978,-0.7702751,1.389606,0.5244575,0.6539797,0.3249705
-2.316978,-0.7702751,1.389606,0.5244575,0.6539797,0.3249705
-2.316978,-0.7702751,1.389606,0.5244575,0.6539797,0.3249705
-2.316978,-0.7702751,1.389606,0.5244575,0.6539797,0.3249705
-2.316978,-0.7702751,1.389606,0.5244575,0.6539797,0.3249705
-2.316978,-0.7702751,1.389606,0.5244575,0.6539797,0.3249705
-2.361517,-0.7782915,1.413587,0.5279937,0.6501752,0.3268021
-2.361517,-0.7782915,1.413587,0.5279937,0.6501752,0.3268021
-2.361517,-0.7782915,1.413587,0.5279937,0.6501752,0.3268021
-2.361517,-0.7782915,1.413587,0.5279937,0.6501752,0.3268021
-2.361517,-0.7782915,1.413587,0.5279937,0.6501752,0.3268021
-2.382236,-0.7788023,1.443542,0.5281519,0.6504395,0.3277199
-2.382236,-0.7788023,1.443542,0.5281519,0.6504395,0.3277199
-2.382236,-0.7788023,1.443542,0.5281519,0.6504395,0.3277199
-2.382236,-0.7788023,1.443542,0.5281519,0.6504395,0.3277199
-2.382236,-0.7788023,1.443542,0.5281519,0.6504395,0.3277199
-2.382236,-0.7788023,1.443542,0.5281519,0.6504395,0.3277199
-2.367852,-0.7603478,1.476255,0.5289017,0.649528,0.3290521
-2.367852,-0.7603478,1.476255,0.5289017,0.649528,0.3290521
-2.367852,-0.7603478,1.476255,0.5289017,0.649528,0.3290521
-2.367852,-0.7603478,1.476255,0.5289017,0.649528,0.3290521
-2.367852,-0.7603478,1.476255,0.5289017,0.649528,0.3290521
-2.317656,-0.7269881,1.521905,0.5297754,0.6482303,0.3301991
-2.317656,-0.7269881,1.521905,0.5297754,0.6482303,0.3301991
-2.317656,-0.7269881,1.521905,0.5297754,0.6482303,0.3301991
-2.317656,-0.7269881,1.521905,0.5297754,0.6482303,0.3301991
-2.317656,-0.7269881,1.521905,0.5297754,0.6482303,0.3301991
-2.317656,-0.7269881,1.521905,0.5297754,0.6482303,0.3301991
-2.242266,-0.6525321,1.595378,0.5290275,0.6501826,0.330669
-2.242266,-0.6525321,1.595378,0.5290275,0.6501826,0.330669
-2.242266,-0.6525321,1.595378,0.5290275,0.6501826,0.330669
-2.242266,-0.6525321,1.595378,0.5290275,0.6501826,0.330669
-2.242266,-0.6525321,1.595378,0.5290275,0.6501826,0.330669
-2.242266,-0.6525321,1.595378,0.5290275,0.6501826,0.330669
-2.106987,-0.5414567,1.704789,0.5286456,0.6518283,0.3304553
-2.106987,-0.5414567,1.704789,0.5286456,0.6518283,0.3304553
-2.106987,-0.5414567,1.704789,0.5286456,0.6518283,0.3304553
-2.106987,-0.5414567,1.704789,0.5286456,0.6518283,0.3304553
-2.106987,-0.5414567,1.704789,0.5286456,0.6518283,0.3304553
-1.950492,-0.4384484,1.805893,0.5281209,0.653296,0.3304522
-1.950492,-0.4384484,1.805893,0.5281209,0.653296,0.3304522
-1.950492,-0.4384484,1.805893,0.5281209,0.653296,0.3304522
-1.950492,-0.4384484,1.805893,0.5281209,0.653296,0.3304522
-1.950492,-0.4384484,1.805893,0.5281209,0.653296,0.3304522
-1.950492,-0.4384484,1.805893,0.5281209,0.653296,0.3304522
-1.689512,-0.2851427,1.958534,0.5288942,0.6537013,0.3300248
-1.689512,-0.2851427,1.958534,0.5288942,0.6537013,0.3300248
-1.689512,-0.2851427,1.958534,0.5288942,0.6537013,0.3300248
-1.689512,-0.2851427,1.958534,0.5288942,0.6537013,0.3300248
-1.689512,-0.2851427,1.958534,0.5288942,0.6537013,0.3300248
-1.689512,-0.2851427,1.958534,0.5288942,0.6537013,0.3300248
-1.442217,-0.1261003,2.123665,0.5297226,0.6561449,0.3270734
-1.442217,-0.1261003,2.123665,0.5297226,0.6561449,0.3270734
-1.442217,-0.1261003,2.123665,0.5297226,0.6561449,0.3270734
-1.442217,-0.1261003,2.123665,0.5297226,0.6561449,0.3270734
-1.442217,-0.1261003,2.123665,0.5297226,0.6561449,0.3270734
-1.187009,0.02420855,2.283709,0.5298414,0.6591059,0.3250167
-1.187009,0.02420855,2.283709,0.5298414,0.6591059,0.3250167
-1.187009,0.02420855,2.283709,0.5298414,0.6591059,0.3250167
-1.187009,0.02420855,2.283709,0.5298414,0.6591059,0.3250167
-1.187009,0.02420855,2.283709,0.5298414,0.6591059,0.3250167
-1.187009,0.02420855,2.283709,0.5298414,0.6591059,0.3250167
-0.8780723,0.2012167,2.478689,0.5303485,0.6625273,0.3218074
-0.8780723,0.2012167,2.478689,0.5303485,0.6625273,0.3218074
-0.8780723,0.2012167,2.478689,0.5303485,0.6625273,0.3218074
-0.8780723,0.2012167,2.478689,0.5303485,0.6625273,0.3218074
-0.8780723,0.2012167,2.478689,0.5303485,0.6625273,0.3218074
-0.8780723,0.2012167,2.478689,0.5303485,0.6625273,0.3218074
-0.5408249,0.362195,2.661524,0.5312974,0.6662148,0.3174101
-0.5408249,0.362195,2.661524,0.5312974,0.6662148,0.3174101
-0.5408249,0.362195,2.661524,0.5312974,0.6662148,0.3174101
-0.5408249,0.362195,2.661524,0.5312974,0.6662148,0.3174101
-0.5408249,0.362195,2.661524,0.5312974,0.6662148,0.3174101
-0.5408249,0.362195,2.661524,0.5312974,0.6662148,0.3174101
-0.1644812,0.5075989,2.832879,0.5310436,0.6702489,0.3128527
-0.1644812,0.5075989,2.832879,0.5310436,0.6702489,0.3128527
-0.1644812,0.5075989,2.832879,0.5310436,0.6702489,0.3128527
-0.1644812,0.5075989,2.832879,0.5310436,0.6702489,0.3128527
-0.1644812,0.5075989,2.832879,0.5310436,0.6702489,0.3128527
0.1199703,0.624197,2.976267,0.532398,0.6724727,0.3090309
0.1199703,0.624197,2.976267,0.532398,0.6724727,0.3090309
0.1199703,0.624197,2.976267,0.532398,0.6724727,0.3090309
0.1199703,0.624197,2.976267,0.532398,0.6724727,0.3090309
0.1199703,0.624197,2.976267,0.532398,0.6724727,0.3090309
0.1199703,0.624197,2.976267,0.532398,0.6724727,0.3090309
0.465796,0.76685,3.158643,0.5334964,0.676757,0.3023853
0.465796,0.76685,3.158643,0.5334964,0.676757,0.3023853
0.465796,0.76685,3.158643,0.5334964,0.676757,0.3023853
0.465796,0.76685,3.158643,0.5334964,0.676757,0.3023853
0.465796,0.76685,3.158643,0.5334964,0.676757,0.3023853
0.465796,0.76685,3.158643,0.5334964,0.676757,0.3023853
0.7542689,0.8745081,3.302221,0.5338503,0.681425,0.2969039
0.7542689,0.8745081,3.302221,0.5338503,0.681425,0.2969039
0.7542689,0.8745081,3.302221,0.5338503,0.681425,0.2969039
0.7542689,0.8745081,3.302221,0.5338503,0.681425,0.2969039
0.7542689,0.8745081,3.302221,0.5338503,0.681425,0.2969039
0.9339986,0.948004,3.402556,0.5342109,0.6854228,0.2911493
0.9339986,0.948004,3.402556,0.5342109,0.6854228,0.2911493
0.9339986,0.948004,3.402556,0.5342109,0.6854228,0.2911493
0.9339986,0.948004,3.402556,0.5342109,0.6854228,0.2911493
0.9339986,0.948004,3.402556,0.5342109,0.6854228,0.2911493
0.9339986,0.948004,3.402556,0.5342109,0.6854228,0.2911493
1.111241,1.04093,3.53034,0.5336068,0.6904608,0.2846153
1.111241,1.04093,3.53034,0.5336068,0.6904608,0.2846153
1.111241,1.04093,3.53034,0.5336068,0.6904608,0.2846153
1.111241,1.04093,3.53034,0.5336068,0.6904608,0.2846153
1.111241,1.04093,3.53034,0.5336068,0.6904608,0.2846153
1.111241,1.04093,3.53034,0.5336068,0.6904608,0.2846153
1.266314,1.12003,3.641464,0.5305147,0.697822,0.2787349
1.266314,1.12003,3.641464,0.5305147,0.697822,0.2787349
1.266314,1.12003,3.641464,0.5305147,0.697822,0.2787349
1.266314,1.12003,3.641464,0.5305147,0.697822,0.2787349
1.266314,1.12003,3.641464,0.5305147,0.697822,0.2787349
1.266314,1.12003,3.641464,0.5305147,0.697822,0.2787349
1.389214,1.185558,3.734781,0.5286704,0.7035211,0.2731845
1.389214,1.185558,3.734781,0.5286704,0.7035211,0.2731845
1.389214,1.185558,3.734781,0.5286704,0.7035211,0.2731845
1.389214,1.185558,3.734781,0.5286704,0.7035211,0.2731845
1.389214,1.185558,3.734781,0.5286704,0.7035211,0.2731845
1.469481,1.244229,3.817781,0.5259716,0.7089846,0.2687129
1.469481,1.244229,3.817781,0.5259716,0.7089846,0.2687129
1.469481,1.244229,3.817781,0.5259716,0.7089846,0.2687129
1.469481,1.244229,3.817781,0.5259716,0.7089846,0.2687129
1.469481,1.244229,3.817781,0.5259716,0.7089846,0.2687129
1.469481,1.244229,3.817781,0.5259716,0.7089846,0.2687129
1.537629,1.315547,3.918083,0.5223282,0.7155185,0.2634206
1.537629,1.315547,3.918083,0.5223282,0.7155185,0.2634206
1.537629,1.315547,3.918083,0.5223282,0.7155185,0.2634206
1.537629,1.315547,3.918083,0.5223282,0.7155185,0.2634206
1.537629,1.315547,3.918083,0.5223282,0.7155185,0.2634206
1.537629,1.315547,3.918083,0.5223282,0.7155185,0.2634206
1.594165,1.392856,4.02699,0.5181816,0.7224157,0.2577982
1.594165,1.392856,4.02699,0.5181816,0.7224157,0.2577982
1.594165,1.392856,4.02699,0.5181816,0.7224157,0.2577982
1.594165,1.392856,4.02699,0.5181816,0.7224157,0.2577982
1.594165,1.392856,4.02699,0.5181816,0.7224157,0.2577982
1.594165,1.392856,4.02699,0.5181816,0.7224157,0.2577982
1.629938,1.473638,4.12496,0.515989,0.727705,0.253329
1.629938,1.473638,4.12496,0.515989,0.727705,0.253329
1.629938,1.473638,4.12496,0.515989,0.727705,0.253329
1.629938,1.473638,4.12496,0.515989,0.727705,0.253329
1.629938,1.473638,4.12496,0.515989,0.727705,0.253329
1.64622,1.524545,4.196781,0.5120447,0.7337455,0.2498946
1.64622,1.524545,4.196781,0.5120447,0.7337455,0.2498946
1.64622,1.524545,4.196781,0.5120447,0.7337455,0.2498946
1.64622,1.524545,4.196781,0.5120447,0.7337455,0.2498946
1.64622,1.524545,4.196781,0.5120447,0.7337455,0.2498946
1.64622,1.524545,4.196781,0.5120447,0.7337455,0.2498946
1.662957,1.568899,4.259939,0.5095196,0.7389012,0.2458669
1.662957,1.568899,4.259939,0.5095196,0.7389012,0.2458669
1.662957,1.568899,4.259939,0.5095196,0.7389012,0.2458669
1.662957,1.568899,4.259939,0.5095196,0.7389012,0.2458669
1.662957,1.568899,4.259939,0.5095196,0.7389012,0.2458669
1.662957,1.568899,4.259939,0.5095196,0.7389012,0.2458669
1.681944,1.587853,4.287837,0.5041666,0.7462443,0.2421188
1.681944,1.587853,4.287837,0.5041666,0.7462443,0.2421188
1.681944,1.587853,4.287837,0.5041666,0.7462443,0.2421188
1.681944,1.587853,4.287837,0.5041666,0.7462443,0.2421188
1.681944,1.587853,4.287837,0.5041666,0.7462443,0.2421188
1.681944,1.587853,4.287837,0.5041666,0.7462443,0.2421188
1.680764,1.600472,4.30553,0.4988262,0.7536407,0.2382197
1.680764,1.600472,4.30553,0.4988262,0.7536407,0.2382197
1.680764,1.600472,4.30553,0.4988262,0.7536407,0.2382197
1.680764,1.600472,4.30553,0.4988262,0.7536407,0.2382197
1.680764,1.600472,4.30553,0.4988262,0.7536407,0.2382197
1.680764,1.600472,4.30553,0.4988262,0.7536407,0.2382197
1.690018,1.623366,4.322696,0.4911155,0.7628149,0.2338545
1.690018,1.623366,4.322696,0.4911155,0.7628149,0.2338545
1.690018,1.623366,4.322696,0.4911155,0.7628149,0.2338545
1.690018,1.623366,4.322696,0.4911155,0.7628149,0.2338545
1.690018,1.623366,4.322696,0.4911155,0.7628149,0.2338545
1.689749,1.670812,4.32669,0.4832864,0.7715281,0.2307548
1.689749,1.670812,4.32669,0.4832864,0.7715281,0.2307548
1.689749,1.670812,4.32669,0.4832864,0.7715281,0.2307548
1.689749,1.670812,4.32669,0.4832864,0.7715281,0.2307548
1.689749,1.670812,4.32669,0.4832864,0.7715281,0.2307548
1.689749,1.670812,4.32669,0.4832864,0.7715281,0.2307548
1.676911,1.763783,4.363285,0.4758789,0.7803972,0.2277874
1.676911,1.763783,4.363285,0.4758789,0.7803972,0.2277874
1.676911,1.763783,4.363285,0.4758789,0.7803972,0.2277874
1.676911,1.763783,4.363285,0.4758789,0.7803972,0.2277874
1.676911,1.763783,4.363285,0.4758789,0.7803972,0.2277874
1.676911,1.763783,4.363285,0.4758789,0.7803972,0.2277874
1.674399,1.856462,4.400938,0.4663284,0.7910872,0.2230162
1.674399,1.856462,4.400938,0.4663284,0.7910872,0.2230162
1.674399,1.856462,4.400938,0.4663284,0.7910872,0.2230162
1.674399,1.856462,4.400938,0.4663284,0.7910872,0.2230162
1.674399,1.856462,4.400938,0.4663284,0.7910872,0.2230162
1.674251,1.924192,4.403162,0.4569958,0.8005738,0.2184895
1.674251,1.924192,4.403162,0.4569958,0.8005738,0.2184895
1.674251,1.924192,4.403162,0.4569958,0.8005738,0.2184895
1.674251,1.924192,4.403162,0.4569958,0.8005738,0.2184895
1.674251,1.924192,4.403162,0.4569958,0.8005738,0.2184895
1.674251,1.924192,4.403162,0.4569958,0.8005738,0.2184895
1.68905,2.010484,4.337105,0.4452046,0.8116441,0.2143945
1.68905,2.010484,4.337105,0.4452046,0.8116441,0.2143945
1.68905,2.010484,4.337105,0.4452046,0.8116441,0.2143945
1.68905,2.010484,4.337105,0.4452046,0.8116441,0.2143945
1.68905,2.010484,4.337105,0.4452046,0.8116441,0.2143945
1.68905,2.010484,4.337105,0.4452046,0.8116441,0.2143945
1.697071,2.149205,4.217618,0.4331463,0.8236175,0.2108662
1.697071,2.149205,4.217618,0.4331463,0.8236175,0.2108662
1.697071,2.149205,4.217618,0.4331463,0.8236175,0.2108662
1.697071,2.149205,4.217618,0.4331463,0.8236175,0.2108662
1.697071,2.149205,4.217618,0.4331463,0.8236175,0.2108662
1.69405,2.30572,4.106371,0.4204269,0.8349386,0.2079772
1.69405,2.30572,4.106371,0.4204269,0.8349386,0.2079772
1.69405,2.30572,4.106371,0.4204269,0.8349386,0.2079772
1.69405,2.30572,4.106371,0.4204269,0.8349386,0.2079772
1.69405,2.30572,4.106371,0.4204269,0.8349386,0.2079772
1.69405,2.30572,4.106371,0.4204269,0.8349386,0.2079772
1.688156,2.54574,4.037091,0.4064866,0.8466709,0.2027077
1.688156,2.54574,4.037091,0.4064866,0.8466709,0.2027077
1.688156,2.54574,4.037091,0.4064866,0.8466709,0.2027077
1.688156,2.54574,4.037091,0.4064866,0.8466709,0.2027077
1.688156,2.54574,4.037091,0.4064866,0.8466709,0.2027077
1.701681,2.767418,3.991983,0.3942404,0.8564728,0.1973204
1.701681,2.767418,3.991983,0.3942404,0.8564728,0.1973204
1.701681,2.767418,3.991983,0.3942404,0.8564728,0.1973204
1.701681,2.767418,3.991983,0.3942404,0.8564728,0.1973204
1.701681,2.767418,3.991983,0.3942404,0.8564728,0.1973204
1.701681,2.767418,3.991983,0.3942404,0.8564728,0.1973204
1.726285,2.994334,3.939696,0.3776212,0.8686667,0.1906461
1.726285,2.994334,3.939696,0.3776212,0.8686667,0.1906461
1.726285,2.994334,3.939696,0.3776212,0.8686667,0.1906461
1.726285,2.994334,3.939696,0.3776212,0.8686667,0.1906461
1.726285,2.994334,3.939696,0.3776212,0.8686667,0.1906461
1.761797,3.163933,3.88393,0.3647794,0.8776549,0.184273
1.761797,3.163933,3.88393,0.3647794,0.8776549,0.184273
1.761797,3.163933,3.88393,0.3647794,0.8776549,0.184273
1.761797,3.163933,3.88393,0.3647794,0.8776549,0.184273
1.761797,3.163933,3.88393,0.3647794,0.8776549,0.184273
1.761797,3.163933,3.88393,0.3647794,0.8776549,0.184273
1.767855,3.390529,3.79585,0.3468921,0.8895631,0.177069
1.767855,3.390529,3.79585,0.3468921,0.8895631,0.177069
1.767855,3.390529,3.79585,0.3468921,0.8895631,0.177069
1.767855,3.390529,3.79585,0.3468921,0.8895631,0.177069
1.767855,3.390529,3.79585,0.3468921,0.8895631,0.177069
1.767855,3.390529,3.79585,0.3468921,0.8895631,0.177069
1.771885,3.646086,3.737259,0.3305472,0.8996229,0.1701736
1.771885,3.646086,3.737259,0.3305472,0.8996229,0.1701736
1.771885,3.646086,3.737259,0.3305472,0.8996229,0.1701736
1.771885,3.646086,3.737259,0.3305472,0.8996229,0.1701736
1.771885,3.646086,3.737259,0.3305472,0.8996229,0.1701736
1.775012,3.866053,3.691784,0.3171797,0.9074764,0.1653515
1.775012,3.866053,3.691784,0.3171797,0.9074764,0.1653515
1.775012,3.866053,3.691784,0.3171797,0.9074764,0.1653515
1.775012,3.866053,3.691784,0.3171797,0.9074764,0.1653515
1.775012,3.866053,3.691784,0.3171797,0.9074764,0.1653515
1.775012,3.866053,3.691784,0.3171797,0.9074764,0.1653515
1.788742,4.160692,3.647465,0.3027637,0.9154999,0.1599443
1.788742,4.160692,3.647465,0.3027637,0.9154999,0.1599443
1.788742,4.160692,3.647465,0.3027637,0.9154999,0.1599443
1.788742,4.160692,3.647465,0.3027637,0.9154999,0.1599443
1.788742,4.160692,3.647465,0.3027637,0.9154999,0.1599443
1.788742,4.160692,3.647465,0.3027637,0.9154999,0.1599443
1.822902,4.46163,3.617453,0.2888763,0.923054,0.1532383
1.822902,4.46163,3.617453,0.2888763,0.923054,0.1532383
1.822902,4.46163,3.617453,0.2888763,0.923054,0.1532383
1.822902,4.46163,3.617453,0.2888763,0.923054,0.1532383
1.822902,4.46163,3.617453,0.2888763,0.923054,0.1532383
1.822902,4.46163,3.617453,0.2888763,0.923054,0.1532383
1.876145,4.726129,3.620794,0.2761847,0.9292054,0.1472555
1.876145,4.726129,3.620794,0.2761847,0.9292054,0.1472555
1.876145,4.726129,3.620794,0.2761847,0.9292054,0.1472555
1.876145,4.726129,3.620794,0.2761847,0.9292054,0.1472555
1.876145,4.726129,3.620794,0.2761847,0.9292054,0.1472555
1.918582,4.948299,3.625607,0.2632362,0.935011,0.1425805
1.918582,4.948299,3.625607,0.2632362,0.935011,0.1425805
1.918582,4.948299,3.625607,0.2632362,0.935011,0.1425805
1.918582,4.948299,3.625607,0.2632362,0.935011,0.1425805
1.918582,4.948299,3.625607,0.2632362,0.935011,0.1425805
1.918582,4.948299,3.625607,0.2632362,0.935011,0.1425805
1.98271,5.260562,3.626528,0.2453274,0.9432365,0.1327243
1.98271,5.260562,3.626528,0.2453274,0.9432365,0.1327243
1.993945,5.329571,3.619609,0.2416912,0.9450943,0.1298674
1.993945,5.329571,3.619609,0.2416912,0.9450943,0.1298674
1.993945,5.329571,3.619609,0.2416912,0.9450943,0.1298674
1.993945,5.329571,3.619609,0.2416912,0.9450943,0.1298674
1.993945,5.329571,3.619609,0.2416912,0.9450943,0.1298674
1.993945,5.329571,3.619609,0.2416912,0.9450943,0.1298674
2.019257,5.500691,3.569522,0.2319686,0.9494773,0.1233978
2.019257,5.500691,3.569522,0.2319686,0.9494773,0.1233978
2.019257,5.500691,3.569522,0.2319686,0.9494773,0.1233978
2.019257,5.500691,3.569522,0.2319686,0.9494773,0.1233978
2.019257,5.500691,3.569522,0.2319686,0.9494773,0.1233978
2.019257,5.500691,3.569522,0.2319686,0.9494773,0.1233978
2.046048,5.673236,3.501726,0.2216712,0.9534247,0.118544
2.046048,5.673236,3.501726,0.2216712,0.9534247,0.118544
2.046048,5.673236,3.501726,0.2216712,0.9534247,0.118544
2.046048,5.673236,3.501726,0.2216712,0.9534247,0.118544
2.046048,5.673236,3.501726,0.2216712,0.9534247,0.118544
2.063129,5.777821,3.421782,0.213358,0.9563733,0.115003
2.063129,5.777821,3.421782,0.213358,0.9563733,0.115003
2.063129,5.777821,3.421782,0.213358,0.9563733,0.115003
2.063129,5.777821,3.421782,0.213358,0.9563733,0.115003
2.063129,5.777821,3.421782,0.213358,0.9563733,0.115003
2.063129,5.777821,3.421782,0.213358,0.9563733,0.115003
2.096203,5.902165,3.278031,0.2051297,0.9592335,0.110028
2.096203,5.902165,3.278031,0.2051297,0.9592335,0.110028
2.096203,5.902165,3.278031,0.2051297,0.9592335,0.110028
2.096203,5.902165,3.278031,0.2051297,0.9592335,0.110028
2.096203,5.902165,3.278031,0.2051297,0.9592335,0.110028
2.096203,5.902165,3.278031,0.2051297,0.9592335,0.110028
2.128753,6.011174,3.143742,0.1946588,0.9622557,0.1075568
2.128753,6.011174,3.143742,0.1946588,0.9622557,0.1075568
2.128753,6.011174,3.143742,0.1946588,0.9622557,0.1075568
2.128753,6.011174,3.143742,0.1946588,0.9622557,0.1075568
2.128753,6.011174,3.143742,0.1946588,0.9622557,0.1075568
2.128753,6.011174,3.143742,0.1946588,0.9622557,0.1075568
2.1841,6.105494,3.001694,0.1859304,0.9646106,0.1047515
2.1841,6.105494,3.001694,0.1859304,0.9646106,0.1047515
2.1841,6.105494,3.001694,0.1859304,0.9646106,0.1047515
2.1841,6.105494,3.001694,0.1859304,0.9646106,0.1047515
2.1841,6.105494,3.001694,0.1859304,0.9646106,0.1047515
2.240628,6.20675,2.851335,0.1770241,0.9667307,0.1047191
2.240628,6.20675,2.851335,0.1770241,0.9667307,0.1047191
2.240628,6.20675,2.851335,0.1770241,0.9667307,0.1047191
2.240628,6.20675,2.851335,0.1770241,0.9667307,0.1047191
2.240628,6.20675,2.851335,0.1770241,0.9667307,0.1047191
2.240628,6.20675,2.851335,0.1770241,0.9667307,0.1047191
2.322747,6.333305,2.667735,0.1673286,0.9687861,0.1042174
2.322747,6.333305,2.667735,0.1673286,0.9687861,0.1042174
2.322747,6.333305,2.667735,0.1673286,0.9687861,0.1042174
2.322747,6.333305,2.667735,0.1673286,0.9687861,0.1042174
2.322747,6.333305,2.667735,0.1673286,0.9687861,0.1042174
2.322747,6.333305,2.667735,0.1673286,0.9687861,0.1042174
2.405688,6.461482,2.485465,0.1584025,0.9710062,0.1006447
2.405688,6.461482,2.485465,0.1584025,0.9710062,0.1006447
2.405688,6.461482,2.485465,0.1584025,0.9710062,0.1006447
2.405688,6.461482,2.485465,0.1584025,0.9710062,0.1006447
2.405688,6.461482,2.485465,0.1584025,0.9710062,0.1006447
2.497358,6.566422,2.341089,0.1505361,0.9728091,0.09654839
2.497358,6.566422,2.341089,0.1505361,0.9728091,0.09654839
2.497358,6.566422,2.341089,0.1505361,0.9728091,0.09654839
2.497358,6.566422,2.341089,0.1505361,0.9728091,0.09654839
2.497358,6.566422,2.341089,0.1505361,0.9728091,0.09654839
2.497358,6.566422,2.341089,0.1505361,0.9728091,0.09654839
2.602799,6.673766,2.18031,0.1390523,0.9752051,0.09279011
2.602799,6.673766,2.18031,0.1390523,0.9752051,0.09279011
2.602799,6.673766,2.18031,0.1390523,0.9752051,0.09279011
2.602799,6.673766,2.18031,0.1390523,0.9752051,0.09279011
2.602799,6.673766,2.18031,0.1390523,0.9752051,0.09279011
2.691814,6.749257,2.082083,0.1313982,0.9767442,0.08907994
2.691814,6.749257,2.082083,0.1313982,0.9767442,0.08907994
2.691814,6.749257,2.082083,0.1313982,0.9767442,0.08907994
2.691814,6.749257,2.082083,0.1313982,0.9767442,0.08907994
2.691814,6.749257,2.082083,0.1313982,0.9767442,0.08907994
2.691814,6.749257,2.082083,0.1313982,0.9767442,0.08907994
2.827714,6.809066,1.978588,0.1220121,0.9785603,0.08504601
2.827714,6.809066,1.978588,0.1220121,0.9785603,0.08504601
2.827714,6.809066,1.978588,0.1220121,0.9785603,0.08504601
2.827714,6.809066,1.978588,0.1220121,0.9785603,0.08504601
2.827714,6.809066,1.978588,0.1220121,0.9785603,0.08504601
2.949568,6.832442,1.908953,0.1136878,0.9801875,0.08080601
2.949568,6.832442,1.908953,0.1136878,0.9801875,0.08080601
2.949568,6.832442,1.908953,0.1136878,0.9801875,0.08080601
2.949568,6.832442,1.908953,0.1136878,0.9801875,0.08080601
2.949568,6.832442,1.908953,0.1136878,0.9801875,0.08080601
2.949568,6.832442,1.908953,0.1136878,0.9801875,0.08080601
3.117721,6.833219,1.843271,0.1009639,0.9824303,0.07632243
3.117721,6.833219,1.843271,0.1009639,0.9824303,0.07632243
3.117721,6.833219,1.843271,0.1009639,0.9824303,0.07632243
3.117721,6.833219,1.843271,0.1009639,0.9824303,0.07632243
3.117721,6.833219,1.843271,0.1009639,0.9824303,0.07632243
3.117721,6.833219,1.843271,0.1009639,0.9824303,0.07632243
3.284857,6.798406,1.794394,0.087717,0.9845963,0.07165557
3.284857,6.798406,1.794394,0.087717,0.9845963,0.07165557
3.284857,6.798406,1.794394,0.087717,0.9845963,0.07165557
3.284857,6.798406,1.794394,0.087717,0.9845963,0.07165557
3.284857,6.798406,1.794394,0.087717,0.9845963,0.07165557
3.284857,6.798406,1.794394,0.087717,0.9845963,0.07165557
3.395579,6.7634,1.739587,0.07476559,0.9867315,0.06699668
3.395579,6.7634,1.739587,0.07476559,0.9867315,0.06699668
3.395579,6.7634,1.739587,0.07476559,0.9867315,0.06699668
3.395579,6.7634,1.739587,0.07476559,0.9867315,0.06699668
3.395579,6.7634,1.739587,0.07476559,0.9867315,0.06699668
3.43821,6.71677,1.67591,0.06508041,0.9883255,0.06249056
3.43821,6.71677,1.67591,0.06508041,0.9883255,0.06249056
3.43821,6.71677,1.67591,0.06508041,0.9883255,0.06249056
3.43821,6.71677,1.67591,0.06508041,0.9883255,0.06249056
3.43821,6.71677,1.67591,0.06508041,0.9883255,0.06249056
3.43821,6.71677,1.67591,0.06508041,0.9883255,0.06249056
3.463969,6.644456,1.561843,0.05304933,0.9899841,0.05839185
3.463969,6.644456,1.561843,0.05304933,0.9899841,0.05839185
3.463969,6.644456,1.561843,0.05304933,0.9899841,0.05839185
3.463969,6.644456,1.561843,0.05304933,0.9899841,0.05839185
3.463969,6.644456,1.561843,0.05304933,0.9899841,0.05839185
3.478341,6.559956,1.445932,0.04391573,0.9911697,0.0544634
3.478341,6.559956,1.445932,0.04391573,0.9911697,0.0544634
3.478341,6.559956,1.445932,0.04391573,0.9911697,0.0544634
3.478341,6.559956,1.445932,0.04391573,0.9911697,0.0544634
3.478341,6.559956,1.445932,0.04391573,0.9911697,0.0544634
3.478341,6.559956,1.445932,0.04391573,0.9911697,0.0544634
3.493928,6.457917,1.320221,0.03201474,0.9923879,0.05140182
3.493928,6.457917,1.320221,0.03201474,0.9923879,0.05140182
3.493928,6.457917,1.320221,0.03201474,0.9923879,0.05140182
3.493928,6.457917,1.320221,0.03201474,0.9923879,0.05140182
3.493928,6.457917,1.320221,0.03201474,0.9923879,0.05140182
3.493928,6.457917,1.320221,0.03201474,0.9923879,0.05140182
3.504845,6.364377,1.23217,0.02269243,0.9932656,0.04845973
3.504845,6.364377,1.23217,0.02269243,0.9932656,0.04845973
3.504845,6.364377,1.23217,0.02269243,0.9932656,0.04845973
3.504845,6.364377,1.23217,0.02269243,0.9932656,0.04845973
3.504845,6.364377,1.23217,0.02269243,0.9932656,0.04845973
3.50264,6.310487,1.154508,0.01201687,0.9940062,0.0466911
3.50264,6.310487,1.154508,0.01201687,0.9940062,0.0466911
3.50264,6.310487,1.154508,0.01201687,0.9940062,0.0466911
3.50264,6.310487,1.154508,0.01201687,0.9940062,0.0466911
3.50264,6.310487,1.154508,0.01201687,0.9940062,0.0466911
3.50264,6.310487,1.154508,0.01201687,0.9940062,0.0466911
3.498193,6.243609,1.094543,0.002095694,0.9945509,0.04397622
3.498193,6.243609,1.094543,0.002095694,0.9945509,0.04397622
3.498193,6.243609,1.094543,0.002095694,0.9945509,0.04397622
3.498193,6.243609,1.094543,0.002095694,0.9945509,0.04397622
3.498193,6.243609,1.094543,0.002095694,0.9945509,0.04397622
3.493595,6.188146,1.0354,-0.006572915,0.9949772,0.04163817
3.493595,6.188146,1.0354,-0.006572915,0.9949772,0.04163817
3.493595,6.188146,1.0354,-0.006572915,0.9949772,0.04163817
3.493595,6.188146,1.0354,-0.006572915,0.9949772,0.04163817
3.493595,6.188146,1.0354,-0.006572915,0.9949772,0.04163817
3.493595,6.188146,1.0354,-0.006572915,0.9949772,0.04163817
3.502961,6.121648,0.9590878,-0.01885871,0.9953684,0.03911116
3.502961,6.121648,0.9590878,-0.01885871,0.9953684,0.03911116
3.502961,6.121648,0.9590878,-0.01885871,0.9953684,0.03911116
3.502961,6.121648,0.9590878,-0.01885871,0.9953684,0.03911116
3.502961,6.121648,0.9590878,-0.01885871,0.9953684,0.03911116
3.502961,6.121648,0.9590878,-0.01885871,0.9953684,0.03911116
3.501606,6.061092,0.8727837,-0.02751007,0.9955867,0.03645511
3.501606,6.061092,0.8727837,-0.02751007,0.9955867,0.03645511
3.501606,6.061092,0.8727837,-0.02751007,0.9955867,0.03645511
3.501606,6.061092,0.8727837,-0.02751007,0.9955867,0.03645511
3.501606,6.061092,0.8727837,-0.02751007,0.9955867,0.03645511
3.494797,5.968638,0.830637,-0.03476695,0.9957387,0.03552698
3.494797,5.968638,0.830637,-0.03476695,0.9957387,0.03552698
3.494797,5.968638,0.830637,-0.03476695,0.9957387,0.03552698
3.494797,5.968638,0.830637,-0.03476695,0.9957387,0.03552698
3.494797,5.968638,0.830637,-0.03476695,0.9957387,0.03552698
3.494797,5.968638,0.830637,-0.03476695,0.9957387,0.03552698
3.462177,5.863393,0.8035722,-0.04217315,0.9958654,0.03292657
3.462177,5.863393,0.8035722,-0.04217315,0.9958654,0.03292657
3.462177,5.863393,0.8035722,-0.04217315,0.9958654,0.03292657
3.462177,5.863393,0.8035722,-0.04217315,0.9958654,0.03292657
3.462177,5.863393,0.8035722,-0.04217315,0.9958654,0.03292657
3.462177,5.863393,0.8035722,-0.04217315,0.9958654,0.03292657
3.426174,5.762868,0.8043528,-0.04787968,0.9958909,0.03019172
3.426174,5.762868,0.8043528,-0.04787968,0.9958909,0.03019172
3.426174,5.762868,0.8043528,-0.04787968,0.9958909,0.03019172
3.426174,5.762868,0.8043528,-0.04787968,0.9958909,0.03019172
3.426174,5.762868,0.8043528,-0.04787968,0.9958909,0.03019172
3.426174,5.762868,0.8043528,-0.04787968,0.9958909,0.03019172
3.404037,5.674802,0.7892017,-0.0563805,0.9956766,0.03031513
3.404037,5.674802,0.7892017,-0.0563805,0.9956766,0.03031513
3.404037,5.674802,0.7892017,-0.0563805,0.9956766,0.03031513
3.404037,5.674802,0.7892017,-0.0563805,0.9956766,0.03031513
3.404037,5.674802,0.7892017,-0.0563805,0.9956766,0.03031513
3.395615,5.634442,0.7591672,-0.06453292,0.9953399,0.0308369
3.395615,5.634442,0.7591672,-0.06453292,0.9953399,0.0308369
3.395615,5.634442,0.7591672,-0.06453292,0.9953399,0.0308369
3.395615,5.634442,0.7591672,-0.06453292,0.9953399,0.0308369
3.395615,5.634442,0.7591672,-0.06453292,0.9953399,0.0308369
3.395615,5.634442,0.7591672,-0.06453292,0.9953399,0.0308369
3.397897,5.59962,0.7398529,-0.07355288,0.9949513,0.0294504
3.397897,5.59962,0.7398529,-0.07355288,0.9949513,0.0294504
3.397897,5.59962,0.7398529,-0.07355288,0.9949513,0.0294504
3.397897,5.59962,0.7398529,-0.07355288,0.9949513,0.0294504
3.397897,5.59962,0.7398529,-0.07355288,0.9949513,0.0294504
3.397897,5.59962,0.7398529,-0.07355288,0.9949513,0.0294504
3.399125,5.558566,0.7294598,-0.08465707,0.9942759,0.03042026
3.399125,5.558566,0.7294598,-0.08465707,0.9942759,0.03042026
3.399125,5.558566,0.7294598,-0.08465707,0.9942759,0.03042026
3.399125,5.558566,0.7294598,-0.08465707,0.9942759,0.03042026
3.399125,5.558566,0.7294598,-0.08465707,0.9942759,0.03042026
3.401438,5.511838,0.7098885,-0.09211922,0.9938397,0.02969718
3.401438,5.511838,0.7098885,-0.09211922,0.9938397,0.02969718
3.401438,5.511838,0.7098885,-0.09211922,0.9938397,0.02969718
3.401438,5.511838,0.7098885,-0.09211922,0.9938397,0.02969718
3.401438,5.511838,0.7098885,-0.09211922,0.9938397,0.02969718
3.401438,5.511838,0.7098885,-0.09211922,0.9938397,0.02969718
3.412499,5.422947,0.7178383,-0.09818788,0.9934419,0.02795717
3.412499,5.422947,0.7178383,-0.09818788,0.9934419,0.02795717
3.412499,5.422947,0.7178383,-0.09818788,0.9934419,0.02795717
3.412499,5.422947,0.7178383,-0.09818788,0.9934419,0.02795717
3.412499,5.422947,0.7178383,-0.09818788,0.9934419,0.02795717
3.412499,5.422947,0.7178383,-0.09818788,0.9934419,0.02795717
3.408515,5.315783,0.7514396,-0.1022988,0.9931391,0.02692994
3.408515,5.315783,0.7514396,-0.1022988,0.9931391,0.02692994
3.408515,5.315783,0.7514396,-0.1022988,0.9931391,0.02692994
3.408515,5.315783,0.7514396,-0.1022988,0.9931391,0.02692994
3.408515,5.315783,0.7514396,-0.1022988,0.9931391,0.02692994
3.404509,5.197086,0.7852249,-0.1054085,0.9929031,0.02571201
3.404509,5.197086,0.7852249,-0.1054085,0.9929031,0.02571201
3.404509,5.197086,0.7852249,-0.1054085,0.9929031,0.02571201
3.404509,5.197086,0.7852249,-0.1054085,0.9929031,0.02571201
3.404509,5.197086,0.7852249,-0.1054085,0.9929031,0.02571201
3.404509,5.197086,0.7852249,-0.1054085,0.9929031,0.02571201
3.404769,5.067388,0.7830338,-0.1073078,0.9927426,0.02603554
3.404769,5.067388,0.7830338,-0.1073078,0.9927426,0.02603554
3.404769,5.067388,0.7830338,-0.1073078,0.9927426,0.02603554
3.404769,5.067388,0.7830338,-0.1073078,0.9927426,0.02603554
3.404769,5.067388,0.7830338,-0.1073078,0.9927426,0.02603554
3.404769,5.067388,0.7830338,-0.1073078,0.9927426,0.02603554
3.414579,4.961089,0.8012223,-0.109242,0.9925383,0.02717832
3.414579,4.961089,0.8012223,-0.109242,0.9925383,0.02717832
3.414579,4.961089,0.8012223,-0.109242,0.9925383,0.02717832
3.414579,4.961089,0.8012223,-0.109242,0.9925383,0.02717832
3.414579,4.961089,0.8012223,-0.109242,0.9925383,0.02717832
3.414579,4.961089,0.8012223,-0.109242,0.9925383,0.02717832
3.41145,4.86075,0.8275237,-0.1098101,0.9924809,0.02703652
3.41145,4.86075,0.8275237,-0.1098101,0.9924809,0.02703652
3.41145,4.86075,0.8275237,-0.1098101,0.9924809,0.02703652
3.41145,4.86075,0.8275237,-0.1098101,0.9924809,0.02703652
3.41145,4.86075,0.8275237,-0.1098101,0.9924809,0.02703652
3.421109,4.813573,0.8467708,-0.1104299,0.9923958,0.02724584
3.421109,4.813573,0.8467708,-0.1104299,0.9923958,0.02724584
3.421109,4.813573,0.8467708,-0.1104299,0.9923958,0.02724584
3.421109,4.813573,0.8467708,-0.1104299,0.9923958,0.02724584
3.421109,4.813573,0.8467708,-0.1104299,0.9923958,0.02724584
3.421109,4.813573,0.8467708,-0.1104299,0.9923958,0.02724584
3.418963,4.778213,0.864747,-0.1114391,0.992252,0.02898597
3.418963,4.778213,0.864747,-0.1114391,0.992252,0.02898597
3.418963,4.778213,0.864747,-0.1114391,0.992252,0.02898597
3.418963,4.778213,0.864747,-0.1114391,0.992252,0.02898597
3.418963,4.778213,0.864747,-0.1114391,0.992252,0.02898597
3.418963,4.778213,0.864747,-0.1114391,0.992252,0.02898597
3.413553,4.74871,0.9100566,-0.1114175,0.9922466,0.02924805
3.413553,4.74871,0.9100566,-0.1114175,0.9922466,0.02924805
3.413553,4.74871,0.9100566,-0.1114175,0.9922466,0.02924805
3.413553,4.74871,0.9100566,-0.1114175,0.9922466,0.02924805
3.413553,4.74871,0.9100566,-0.1114175,0.9922466,0.02924805
3.410304,4.731053,0.9372711,-0.1120336,0.9921767,0.02924833
3.410304,4.731053,0.9372711,-0.1120336,0.9921767,0.02924833
3.410304,4.731053,0.9372711,-0.1120336,0.9921767,0.02924833
3.410304,4.731053,0.9372711,-0.1120336,0.9921767,0.02924833
3.410304,4.731053,0.9372711,-0.1120336,0.9921767,0.02924833
3.410304,4.731053,0.9372711,-0.1120336,0.9921767,0.02924833
3.432701,4.725174,0.9491606,-0.1114225,0.9922131,0.02966617
3.432701,4.725174,0.9491606,-0.1114225,0.9922131,0.02966617
3.432701,4.725174,0.9491606,-0.1114225,0.9922131,0.02966617
3.432701,4.725174,0.9491606,-0.1114225,0.9922131,0.02966617
3.432701,4.725174,0.9491606,-0.1114225,0.9922131,0.02966617
3.432701,4.725174,0.9491606,-0.1114225,0.9922131,0.02966617
3.467918,4.725174,0.9534168,-0.1111407,0.9921701,0.03019813
3.467918,4.725174,0.9534168,-0.1111407,0.9921701,0.03019813
3.467918,4.725174,0.9534168,-0.1111407,0.9921701,0.03019813
3.467918,4.725174,0.9534168,-0.1111407,0.9921701,0.03019813
3.467918,4.725174,0.9534168,-0.1111407,0.9921701,0.03019813
3.467918,4.725174,0.9534168,-0.1111407,0.9921701,0.03019813
3.514866,4.725174,0.9591599,-0.1125043,0.9919858,0.03141664
3.514866,4.725174,0.9591599,-0.1125043,0.9919858,0.03141664
3.514866,4.725174,0.9591599,-0.1125043,0.9919858,0.03141664
3.514866,4.725174,0.9591599,-0.1125043,0.9919858,0.03141664
3.514866,4.725174,0.9591599,-0.1125043,0.9919858,0.03141664
3.523237,4.707562,0.9878368,-0.112114,0.9920395,0.03011746
3.523237,4.707562,0.9878368,-0.112114,0.9920395,0.03011746
3.523237,4.707562,0.9878368,-0.112114,0.9920395,0.03011746
3.523237,4.707562,0.9878368,-0.112114,0.9920395,0.03011746
3.523237,4.707562,0.9878368,-0.112114,0.9920395,0.03011746
3.523237,4.707562,0.9878368,-0.112114,0.9920395,0.03011746
3.518746,4.684131,1.024176,-0.1117563,0.9920604,0.02991061
3.518746,4.684131,1.024176,-0.1117563,0.9920604,0.02991061
3.518746,4.684131,1.024176,-0.1117563,0.9920604,0.02991061
3.518746,4.684131,1.024176,-0.1117563,0.9920604,0.02991061
3.518746,4.684131,1.024176,-0.1117563,0.9920604,0.02991061
3.518746,4.684131,1.024176,-0.1117563,0.9920604,0.02991061
3.538769,4.666597,1.054356,-0.1130864,0.9918979,0.03120499
3.538769,4.666597,1.054356,-0.1130864,0.9918979,0.03120499
3.538769,4.666597,1.054356,-0.1130864,0.9918979,0.03120499
3.538769,4.666597,1.054356,-0.1130864,0.9918979,0.03120499
3.538769,4.666597,1.054356,-0.1130864,0.9918979,0.03120499
3.538769,4.666597,1.054356,-0.1130864,0.9918979,0.03120499
3.572714,4.66076,1.067838,-0.1121058,0.9919845,0.03029446
3.572714,4.66076,1.067838,-0.1121058,0.9919845,0.03029446
3.572714,4.66076,1.067838,-0.1121058,0.9919845,0.03029446
3.572714,4.66076,1.067838,-0.1121058,0.9919845,0.03029446
3.572714,4.66076,1.067838,-0.1121058,0.9919845,0.03029446
3.605475,4.649096,1.090462,-0.1121217,0.9919462,0.03045727
3.605475,4.649096,1.090462,-0.1121217,0.9919462,0.03045727
3.605475,4.649096,1.090462,-0.1121217,0.9919462,0.03045727
3.605475,4.649096,1.090462,-0.1121217,0.9919462,0.03045727
3.605475,4.649096,1.090462,-0.1121217,0.9919462,0.03045727
3.605475,4.649096,1.090462,-0.1121217,0.9919462,0.03045727
3.634683,4.620004,1.140453,-0.1120916,0.9919345,0.03001472
3.634683,4.620004,1.140453,-0.1120916,0.9919345,0.03001472
3.634683,4.620004,1.140453,-0.1120916,0.9919345,0.03001472
3.634683,4.620004,1.140453,-0.1120916,0.9919345,0.03001472
3.634683,4.620004,1.140453,-0.1120916,0.9919345,0.03001472
3.634683,4.620004,1.140453,-0.1120916,0.9919345,0.03001472
3.636963,4.57365,1.214903,-0.1113401,0.9920658,0.02841002
3.636963,4.57365,1.214903,-0.1113401,0.9920658,0.02841002
3.636963,4.57365,1.214903,-0.1113401,0.9920658,0.02841002
3.636963,4.57365,1.214903,-0.1113401,0.9920658,0.02841002
3.636963,4.57365,1.214903,-0.1113401,0.9920658,0.02841002
3.62874,4.533288,1.278859,-0.1097057,0.9922811,0.02839982
3.62874,4.533288,1.278859,-0.1097057,0.9922811,0.02839982
3.62874,4.533288,1.278859,-0.1097057,0.9922811,0.02839982
3.62874,4.533288,1.278859,-0.1097057,0.9922811,0.02839982
3.62874,4.533288,1.278859,-0.1097057,0.9922811,0.02839982
3.62874,4.533288,1.278859,-0.1097057,0.9922811,0.02839982
3.619323,4.487384,1.352092,-0.1058866,0.9926665,0.02952117
3.619323,4.487384,1.352092,-0.1058866,0.9926665,0.02952117
3.619323,4.487384,1.352092,-0.1058866,0.9926665,0.02952117
3.619323,4.487384,1.352092,-0.1058866,0.9926665,0.02952117
3.619323,4.487384,1.352092,-0.1058866,0.9926665,0.02952117
3.619323,4.487384,1.352092,-0.1058866,0.9926665,0.02952117
3.63535,4.453115,1.410094,-0.1008405,0.9931274,0.03106913
3.63535,4.453115,1.410094,-0.1008405,0.9931274,0.03106913
3.63535,4.453115,1.410094,-0.1008405,0.9931274,0.03106913
3.63535,4.453115,1.410094,-0.1008405,0.9931274,0.03106913
3.63535,4.453115,1.410094,-0.1008405,0.9931274,0.03106913
3.643325,4.436031,1.439128,-0.09450667,0.9937173,0.03203924
3.643325,4.436031,1.439128,-0.09450667,0.9937173,0.03203924
3.643325,4.436031,1.439128,-0.09450667,0.9937173,0.03203924
3.643325,4.436031,1.439128,-0.09450667,0.9937173,0.03203924
3.643325,4.436031,1.439128,-0.09450667,0.9937173,0.03203924
3.643325,4.436031,1.439128,-0.09450667,0.9937173,0.03203924
3.650076,4.413306,1.477376,-0.08791675,0.9942526,0.03477301
3.650076,4.413306,1.477376,-0.08791675,0.9942526,0.03477301
3.650076,4.413306,1.477376,-0.08791675,0.9942526,0.03477301
3.650076,4.413306,1.477376,-0.08791675,0.9942526,0.03477301
3.650076,4.413306,1.477376,-0.08791675,0.9942526,0.03477301
3.650076,4.413306,1.477376,-0.08791675,0.9942526,0.03477301
3.645298,4.402149,1.514061,-0.07940761,0.9948653,0.03711296
3.645298,4.402149,1.514061,-0.07940761,0.9948653,0.03711296
3.645298,4.402149,1.514061,-0.07940761,0.9948653,0.03711296
3.645298,4.402149,1.514061,-0.07940761,0.9948653,0.03711296
3.645298,4.402149,1.514061,-0.07940761,0.9948653,0.03711296
3.638118,4.379726,1.569184,-0.07241768,0.995363,0.03836712
3.638118,4.379726,1.569184,-0.07241768,0.995363,0.03836712
3.638118,4.379726,1.569184,-0.07241768,0.995363,0.03836712
3.638118,4.379726,1.569184,-0.07241768,0.995363,0.03836712
3.638118,4.379726,1.569184,-0.07241768,0.995363,0.03836712
3.638118,4.379726,1.569184,-0.07241768,0.995363,0.03836712
3.632116,4.351556,1.615261,-0.06639695,0.9957472,0.04023502
3.632116,4.351556,1.615261,-0.06639695,0.9957472,0.04023502
3.632116,4.351556,1.615261,-0.06639695,0.9957472,0.04023502
3.632116,4.351556,1.615261,-0.06639695,0.9957472,0.04023502
3.632116,4.351556,1.615261,-0.06639695,0.9957472,0.04023502
3.632116,4.351556,1.615261,-0.06639695,0.9957472,0.04023502
3.62734,4.35199,1.65192,-0.06041903,0.9960622,0.04270249
3.62734,4.35199,1.65192,-0.06041903,0.9960622,0.04270249
3.62734,4.35199,1.65192,-0.06041903,0.9960622,0.04270249
3.62734,4.35199,1.65192,-0.06041903,0.9960622,0.04270249
3.62734,4.35199,1.65192,-0.06041903,0.9960622,0.04270249
3.62734,4.35199,1.65192,-0.06041903,0.9960622,0.04270249
3.626139,4.346375,1.661147,-0.05566988,0.9963179,0.04402795
3.626139,4.346375,1.661147,-0.05566988,0.9963179,0.04402795
3.626139,4.346375,1.661147,-0.05566988,0.9963179,0.04402795
3.626139,4.346375,1.661147,-0.05566988,0.9963179,0.04402795
3.626139,4.346375,1.661147,-0.05566988,0.9963179,0.04402795
3.626139,4.346375,1.661147,-0.05566988,0.9963179,0.04402795
3.624952,4.352207,1.670258,-0.05123987,0.9965262,0.04488032
3.624952,4.352207,1.670258,-0.05123987,0.9965262,0.04488032
3.624952,4.352207,1.670258,-0.05123987,0.9965262,0.04488032
3.624952,4.352207,1.670258,-0.05123987,0.9965262,0.04488032
3.624952,4.352207,1.670258,-0.05123987,0.9965262,0.04488032
3.624952,4.352207,1.670258,-0.04902358,0.9966348,0.04564012
3.624952,4.352207,1.670258,-0.04902358,0.9966348,0.04564012
3.624952,4.352207,1.670258,-0.04902358,0.9966348,0.04564012
3.624952,4.352207,1.670258,-0.04902358,0.9966348,0.04564012
3.624952,4.352207,1.670258,-0.04902358,0.9966348,0.04564012
3.624952,4.352207,1.670258,-0.04902358,0.9966348,0.04564012
3.626154,4.357822,1.661031,-0.04682313,0.9967272,0.04659942
3.626154,4.357822,1.661031,-0.04682313,0.9967272,0.04659942
3.626154,4.357822,1.661031,-0.04682313,0.9967272,0.04659942
3.626154,4.357822,1.661031,-0.04682313,0.9967272,0.04659942
3.626154,4.357822,1.661031,-0.04682313,0.9967272,0.04659942
3.62734,4.35199,1.65192,-0.0458519,0.9967986,0.04665656
3.62734,4.35199,1.65192,-0.0458519,0.9967986,0.04665656
3.62734,4.35199,1.65192,-0.0458519,0.9967986,0.04665656
3.62734,4.35199,1.65192,-0.0458519,0.9967986,0.04665656
3.62734,4.35199,1.65192,-0.0458519,0.9967986,0.04665656
3.62734,4.35199,1.65192,-0.0458519,0.9967986,0.04665656
3.628542,4.357609,1.642696,-0.04492471,0.9968262,0.04755251
3.628542,4.357609,1.642696,-0.04492471,0.9968262,0.04755251
3.628542,4.357609,1.642696,-0.04492471,0.9968262,0.04755251
3.628542,4.357609,1.642696,-0.04492471,0.9968262,0.04755251
3.628542,4.357609,1.642696,-0.04492471,0.9968262,0.04755251
3.630944,4.368858,1.624254,-0.04467804,0.9967797,0.04925859
3.630944,4.368858,1.624254,-0.04467804,0.9967797,0.04925859
3.630944,4.368858,1.624254,-0.04467804,0.9967797,0.04925859
3.630944,4.368858,1.624254,-0.04467804,0.9967797,0.04925859
3.630944,4.368858,1.624254,-0.04467804,0.9967797,0.04925859
3.630944,4.368858,1.624254,-0.04467804,0.9967797,0.04925859
3.634545,4.385761,1.596608,-0.04340181,0.9968687,0.04864814
3.634545,4.385761,1.596608,-0.04340181,0.9968687,0.04864814
3.634545,4.385761,1.596608,-0.04340181,0.9968687,0.04864814
3.634545,4.385761,1.596608,-0.04340181,0.9968687,0.04864814
3.634545,4.385761,1.596608,-0.04340181,0.9968687,0.04864814
3.634545,4.385761,1.596608,-0.04340181,0.9968687,0.04864814
3.670174,4.391402,1.591904,-0.04350343,0.9967634,0.0500993
3.670174,4.391402,1.591904,-0.04350343,0.9967634,0.0500993
3.670174,4.391402,1.591904,-0.04350343,0.9967634,0.0500993
3.670174,4.391402,1.591904,-0.04350343,0.9967634,0.0500993
3.670174,4.391402,1.591904,-0.04350343,0.9967634,0.0500993
3.693125,4.391402,1.594931,-0.04288691,0.9967723,0.05011067
3.693125,4.391402,1.594931,-0.04288691,0.9967723,0.05011067
3.693125,4.391402,1.594931,-0.04288691,0.9967723,0.05011067
3.693125,4.391402,1.594931,-0.04288691,0.9967723,0.05011067
3.693125,4.391402,1.594931,-0.04288691,0.9967723,0.05011067
3.693125,4.391402,1.594931,-0.04288691,0.9967723,0.05011067
3.761959,4.391402,1.604128,-0.04131466,0.9968212,0.0488485
3.761959,4.391402,1.604128,-0.04131466,0.9968212,0.0488485
3.761959,4.391402,1.604128,-0.04131466,0.9968212,0.0488485
3.761959,4.391402,1.604128,-0.04131466,0.9968212,0.0488485
3.761959,4.391402,1.604128,-0.04131466,0.9968212,0.0488485
3.761959,4.391402,1.604128,-0.04131466,0.9968212,0.0488485
3.830771,4.391402,1.613494,-0.04206752,0.9966913,0.05069752
3.830771,4.391402,1.613494,-0.04206752,0.9966913,0.05069752
3.830771,4.391402,1.613494,-0.04206752,0.9966913,0.05069752
3.830771,4.391402,1.613494,-0.04206752,0.9966913,0.05069752
3.830771,4.391402,1.613494,-0.04206752,0.9966913,0.05069752
3.886827,4.397234,1.630528,-0.04078677,0.996762,0.04944118
3.886827,4.397234,1.630528,-0.04078677,0.996762,0.04944118
3.886827,4.397234,1.630528,-0.04078677,0.996762,0.04944118
3.886827,4.397234,1.630528,-0.04078677,0.996762,0.04944118
3.886827,4.397234,1.630528,-0.04078677,0.996762,0.04944118
3.886827,4.397234,1.630528,-0.04078677,0.996762,0.04944118
3.965733,4.403062,1.650929,-0.04121704,0.9966633,0.05130234
3.965733,4.403062,1.650929,-0.04121704,0.9966633,0.05130234
3.965733,4.403062,1.650929,-0.04121704,0.9966633,0.05130234
3.965733,4.403062,1.650929,-0.04121704,0.9966633,0.05130234
3.965733,4.403062,1.650929,-0.04121704,0.9966633,0.05130234
3.965733,4.403062,1.650929,-0.04121704,0.9966633,0.05130234
4.007599,4.420526,1.684792,-0.03992239,0.9967663,0.05070568
4.007599,4.420526,1.684792,-0.03992239,0.9967663,0.05070568
4.007599,4.420526,1.684792,-0.03992239,0.9967663,0.05070568
4.007599,4.420526,1.684792,-0.03992239,0.9967663,0.05070568
4.007599,4.420526,1.684792,-0.03992239,0.9967663,0.05070568
4.007599,4.420526,1.684792,-0.03992239,0.9967663,0.05070568
4.080951,4.449555,1.741972,-0.04222683,0.9966428,0.05248068
4.080951,4.449555,1.741972,-0.04222683,0.9966428,0.05248068
4.080951,4.449555,1.741972,-0.04222683,0.9966428,0.05248068
4.080951,4.449555,1.741972,-0.04222683,0.9966428,0.05248068
4.080951,4.449555,1.741972,-0.04222683,0.9966428,0.05248068
4.12389,4.46114,1.766945,-0.04220667,0.9966944,0.05181776
4.12389,4.46114,1.766945,-0.04220667,0.9966944,0.05181776
4.12389,4.46114,1.766945,-0.04220667,0.9966944,0.05181776
4.12389,4.46114,1.766945,-0.04220667,0.9966944,0.05181776
4.12389,4.46114,1.766945,-0.04220667,0.9966944,0.05181776
4.12389,4.46114,1.766945,-0.04220667,0.9966944,0.05181776
4.200935,4.472711,1.797156,-0.04282118,0.9967442,0.05110461
4.200935,4.472711,1.797156,-0.04282118,0.9967442,0.05110461
4.200935,4.472711,1.797156,-0.04282118,0.9967442,0.05110461
4.200935,4.472711,1.797156,-0.04282118,0.9967442,0.05110461
4.200935,4.472711,1.797156,-0.04282118,0.9967442,0.05110461
4.200935,4.472711,1.797156,-0.04282118,0.9967442,0.05110461
4.277838,4.484266,1.827589,-0.04346317,0.9967589,0.05102413
4.277838,4.484266,1.827589,-0.04346317,0.9967589,0.05102413
4.277838,4.484266,1.827589,-0.04346317,0.9967589,0.05102413
4.277838,4.484266,1.827589,-0.04346317,0.9967589,0.05102413
4.277838,4.484266,1.827589,-0.04346317,0.9967589,0.05102413
4.3418,4.501571,1.865575,-0.04635859,0.9966381,0.05212792
4.3418,4.501571,1.865575,-0.04635859,0.9966381,0.05212792
4.3418,4.501571,1.865575,-0.04635859,0.9966381,0.05212792
4.3418,4.501571,1.865575,-0.04635859,0.9966381,0.05212792
4.3418,4.501571,1.865575,-0.04635859,0.9966381,0.05212792
4.3418,4.501571,1.865575,-0.04635859,0.9966381,0.05212792
4.419864,4.507332,1.887302,-0.04637142,0.9966621,0.05142628
4.419864,4.507332,1.887302,-0.04637142,0.9966621,0.05142628
4.419864,4.507332,1.887302,-0.04637142,0.9966621,0.05142628
4.419864,4.507332,1.887302,-0.04637142,0.9966621,0.05142628
4.419864,4.507332,1.887302,-0.04637142,0.9966621,0.05142628
4.419864,4.507332,1.887302,-0.04637142,0.9966621,0.05142628
4.499324,4.507332,1.900139,-0.04665868,0.99673,0.05007166
4.499324,4.507332,1.900139,-0.04665868,0.99673,0.05007166
4.499324,4.507332,1.900139,-0.04665868,0.99673,0.05007166
4.499324,4.507332,1.900139,-0.04665868,0.99673,0.05007166
4.499324,4.507332,1.900139,-0.04665868,0.99673,0.05007166
4.564378,4.507447,1.929598,-0.04828857,0.9966233,0.0510185
4.564378,4.507447,1.929598,-0.04828857,0.9966233,0.0510185
4.564378,4.507447,1.929598,-0.04828857,0.9966233,0.0510185
4.564378,4.507447,1.929598,-0.04828857,0.9966233,0.0510185
4.564378,4.507447,1.929598,-0.04828857,0.9966233,0.0510185
4.564378,4.507447,1.929598,-0.04828857,0.9966233,0.0510185
4.624709,4.513423,1.986605,-0.04919077,0.9966412,0.05114896
4.624709,4.513423,1.986605,-0.04919077,0.9966412,0.05114896
4.624709,4.513423,1.986605,-0.04919077,0.9966412,0.05114896
4.655558,4.524904,2.010561,-0.04822329,0.9967211,0.0505184
4.655558,4.524904,2.010561,-0.04822329,0.9967211,0.0505184
4.655558,4.524904,2.010561,-0.04822329,0.9967211,0.0505184
4.655558,4.524904,2.010561,-0.04822329,0.9967211,0.0505184
4.655558,4.524904,2.010561,-0.04822329,0.9967211,0.0505184
4.662208,4.530738,2.039881,-0.04787088,0.9967645,0.05031727
4.662208,4.530738,2.039881,-0.04787088,0.9967645,0.05031727
4.662208,4.530738,2.039881,-0.04787088,0.9967645,0.05031727
4.662208,4.530738,2.039881,-0.04787088,0.9967645,0.05031727
4.662208,4.530738,2.039881,-0.04787088,0.9967645,0.05031727
4.662208,4.530738,2.039881,-0.04787088,0.9967645,0.05031727
4.65756,4.547907,2.067255,-0.04753378,0.9968042,0.05032689
4.65756,4.547907,2.067255,-0.04753378,0.9968042,0.05032689
4.65756,4.547907,2.067255,-0.04753378,0.9968042,0.05032689
4.65756,4.547907,2.067255,-0.04753378,0.9968042,0.05032689
4.65756,4.547907,2.067255,-0.04753378,0.9968042,0.05032689
4.65756,4.547907,2.067255,-0.04753378,0.9968042,0.05032689
4.664177,4.565042,2.096567,-0.04819136,0.9967466,0.05156016
4.664177,4.565042,2.096567,-0.04819136,0.9967466,0.05156016
4.664177,4.565042,2.096567,-0.04819136,0.9967466,0.05156016
4.664177,4.565042,2.096567,-0.04819136,0.9967466,0.05156016
4.664177,4.565042,2.096567,-0.04819136,0.9967466,0.05156016
4.659511,4.582143,2.123981,-0.04755425,0.9967772,0.05158503
4.659511,4.582143,2.123981,-0.04755425,0.9967772,0.05158503
4.659511,4.582143,2.123981,-0.04755425,0.9967772,0.05158503
4.659511,4.582143,2.123981,-0.04755425,0.9967772,0.05158503
4.659511,4.582143,2.123981,-0.04755425,0.9967772,0.05158503
4.659511,4.582143,2.123981,-0.04755425,0.9967772,0.05158503
4.653284,4.604892,2.160566,-0.04723962,0.9967819,0.05223065
4.653284,4.604892,2.160566,-0.04723962,0.9967819,0.05223065
4.653284,4.604892,2.160566,-0.04723962,0.9967819,0.05223065
4.653284,4.604892,2.160566,-0.04723962,0.9967819,0.05223065
4.653284,4.604892,2.160566,-0.04723962,0.9967819,0.05223065
4.653284,4.604892,2.160566,-0.04723962,0.9967819,0.05223065
4.64861,4.621913,2.188028,-0.04657919,0.996846,0.05161731
4.64861,4.621913,2.188028,-0.04657919,0.996846,0.05161731
4.64861,4.621913,2.188028,-0.04657919,0.996846,0.05161731
4.64861,4.621913,2.188028,-0.04657919,0.996846,0.05161731
4.64861,4.621913,2.188028,-0.04657919,0.996846,0.05161731
4.632713,4.638901,2.213604,-0.04661489,0.9967853,0.05290248
4.632713,4.638901,2.213604,-0.04661489,0.9967853,0.05290248
4.632713,4.638901,2.213604,-0.04661489,0.9967853,0.05290248
4.632713,4.638901,2.213604,-0.04661489,0.9967853,0.05290248
4.632713,4.638901,2.213604,-0.04661489,0.9967853,0.05290248
4.632713,4.638901,2.213604,-0.04661489,0.9967853,0.05290248
4.631156,4.644556,2.222771,-0.04691339,0.9967937,0.05288515
4.631156,4.644556,2.222771,-0.04691339,0.9967937,0.05288515
4.631156,4.644556,2.222771,-0.04691339,0.9967937,0.05288515
4.631156,4.644556,2.222771,-0.04691339,0.9967937,0.05288515
4.631156,4.644556,2.222771,-0.04691339,0.9967937,0.05288515
4.631156,4.644556,2.222771,-0.04691339,0.9967937,0.05288515
4.628043,4.655854,2.24111,-0.0475103,0.9968091,0.0528504
4.628043,4.655854,2.24111,-0.0475103,0.9968091,0.0528504
4.628043,4.655854,2.24111,-0.0475103,0.9968091,0.0528504
4.628043,4.655854,2.24111,-0.0475103,0.9968091,0.0528504
4.628043,4.655854,2.24111,-0.0475103,0.9968091,0.0528504
4.628043,4.655854,2.24111,-0.04783043,0.9967814,0.05347081
4.628043,4.655854,2.24111,-0.04783043,0.9967814,0.05347081
4.628043,4.655854,2.24111,-0.04783043,0.9967814,0.05347081
4.628043,4.655854,2.24111,-0.04783043,0.9967814,0.05347081
4.628043,4.655854,2.24111,-0.04783043,0.9967814,0.05347081
4.628043,4.655854,2.24111,-0.04783043,0.9967814,0.05347081
4.628043,4.655854,2.24111,-0.04717157,0.9968465,0.05285585
4.628043,4.655854,2.24111,-0.04717157,0.9968465,0.05285585
4.628043,4.655854,2.24111,-0.04717157,0.9968465,0.05285585
4.628043,4.655854,2.24111,-0.04717157,0.9968465,0.05285585
4.628043,4.655854,2.24111,-0.04717157,0.9968465,0.05285585
4.628043,4.655854,2.24111,-0.04717157,0.9968465,0.05285585
4.626486,4.650228,2.250277,-0.04648582,0.9969229,0.05203941
4.626486,4.650228,2.250277,-0.04648582,0.9969229,0.05203941
4.626486,4.650228,2.250277,-0.04648582,0.9969229,0.05203941
4.626486,4.650228,2.250277,-0.04648582,0.9969229,0.05203941
4.626486,4.650228,2.250277,-0.04648582,0.9969229,0.05203941
4.626486,4.650228,2.250277,-0.04648582,0.9969229,0.05203941
4.626486,4.650228,2.250277,-0.04648582,0.9969229,0.05203941
4.626486,4.650228,2.250277,-0.04648582,0.9969229,0.05203941
4.626486,4.650228,2.250277,-0.04648582,0.9969229,0.05203941
4.626486,4.650228,2.250277,-0.04648582,0.9969229,0.05203941
4.626486,4.650228,2.250277,-0.04648582,0.9969229,0.05203941
4.615281,4.650228,2.248376,-0.047411,0.996907,0.05200853
4.615281,4.650228,2.248376,-0.047411,0.996907,0.05200853
4.615281,4.650228,2.248376,-0.047411,0.996907,0.05200853
4.615281,4.650228,2.248376,-0.047411,0.996907,0.05200853
4.615281,4.650228,2.248376,-0.047411,0.996907,0.05200853
4.615281,4.650228,2.248376,-0.047411,0.996907,0.05200853
4.613728,4.644605,2.257546,-0.04768264,0.9969254,0.05178936
4.613728,4.644605,2.257546,-0.04768264,0.9969254,0.05178936
4.613728,4.644605,2.257546,-0.04768264,0.9969254,0.05178936
4.613728,4.644605,2.257546,-0.04768264,0.9969254,0.05178936
4.613728,4.644605,2.257546,-0.04768264,0.9969254,0.05178936
4.613728,4.644605,2.257546,-0.04768264,0.9969254,0.05178936
4.613728,4.644605,2.257546,-0.04766174,0.996959,0.05115147

